#pragma once

#include <cstdint>

#define SPRITE_WIDTH 108
#define SPRITE_HEIGHT 162

// RGB565 format (16 bits per pixel), byte-swapped
// Magenta (0xF81F, swapped to 0x1FF8) is used as transparent color key
const uint16_t sprite_data[17496] = {
  0x1FF8, 0x1FF8, 0x1FF8, 0x1FF8, 0x1FF8, 0x1FF8, 0x1FF8, 0x1FF8, 0x1FF8, 0x1FF8, 0x1FF8, 0x1FF8,
  0x1FF8, 0x1FF8, 0x1FF8, 0x1FF8, 0x1FF8, 0x1FF8, 0x1FF8, 0x1FF8, 0x1FF8, 0x1FF8, 0x1FF8, 0x1FF8,
  0x1FF8, 0x1FF8, 0x1FF8, 0x1FF8, 0x1FF8, 0x1FF8, 0x0000, 0x0000, 0x0000, 0x0000, 0x0000, 0x0000,
  0x0000, 0x0000, 0x0000, 0x0000, 0x0000, 0x0000, 0x0000, 0x0000, 0x0000, 0x1FF8, 0x1FF8, 0x1FF8,
  0x1FF8, 0x1FF8, 0x1FF8, 0x1FF8, 0x1FF8, 0x1FF8, 0x1FF8, 0x1FF8, 0x1FF8, 0x1FF8, 0x1FF8, 0x1FF8,
  0x1FF8, 0x1FF8, 0x1FF8, 0x1FF8, 0x1FF8, 0x1FF8, 0x1FF8, 0x1FF8, 0x1FF8, 0x1FF8, 0x1FF8, 0x1FF8,
  0x1FF8, 0x1FF8, 0x1FF8, 0x1FF8, 0x1FF8, 0x1FF8, 0x1FF8, 0x1FF8, 0x1FF8, 0x1FF8, 0x1FF8, 0x1FF8,
  0x1FF8, 0x1FF8, 0x1FF8, 0x1FF8, 0x1FF8, 0x1FF8, 0x1FF8, 0x1FF8, 0x1FF8, 0x1FF8, 0x1FF8, 0x1FF8,
  0x1FF8, 0x1FF8, 0x1FF8, 0x1FF8, 0x1FF8, 0x1FF8, 0x1FF8, 0x1FF8, 0x1FF8, 0x1FF8, 0x1FF8, 0x1FF8,
  0x1FF8, 0x1FF8, 0x1FF8, 0x1FF8, 0x1FF8, 0x1FF8, 0x1FF8, 0x1FF8, 0x1FF8, 0x1FF8, 0x1FF8, 0x1FF8,
  0x1FF8, 0x1FF8, 0x1FF8, 0x1FF8, 0x1FF8, 0x1FF8, 0x1FF8, 0x1FF8, 0x1FF8, 0x1FF8, 0x1FF8, 0x1FF8,
  0x1FF8, 0x1FF8, 0x1FF8, 0x1FF8, 0x1FF8, 0x1FF8, 0x0000, 0x0000, 0x0000, 0x0000, 0x0000, 0x0000,
  0x0000, 0x0000, 0x0000, 0x0000, 0x0000, 0x0000, 0x0000, 0x0000, 0x0000, 0x1FF8, 0x1FF8, 0x1FF8,
  0x1FF8, 0x1FF8, 0x1FF8, 0x1FF8, 0x1FF8, 0x1FF8, 0x1FF8, 0x1FF8, 0x1FF8, 0x1FF8, 0x1FF8, 0x1FF8,
  0x1FF8, 0x1FF8, 0x1FF8, 0x1FF8, 0x1FF8, 0x1FF8, 0x1FF8, 0x1FF8, 0x1FF8, 0x1FF8, 0x1FF8, 0x1FF8,
  0x1FF8, 0x1FF8, 0x1FF8, 0x1FF8, 0x1FF8, 0x1FF8, 0x1FF8, 0x1FF8, 0x1FF8, 0x1FF8, 0x1FF8, 0x1FF8,
  0x1FF8, 0x1FF8, 0x1FF8, 0x1FF8, 0x1FF8, 0x1FF8, 0x1FF8, 0x1FF8, 0x1FF8, 0x1FF8, 0x1FF8, 0x1FF8,
  0x1FF8, 0x1FF8, 0x1FF8, 0x1FF8, 0x1FF8, 0x1FF8, 0x1FF8, 0x1FF8, 0x1FF8, 0x1FF8, 0x1FF8, 0x1FF8,
  0x1FF8, 0x1FF8, 0x1FF8, 0x1FF8, 0x1FF8, 0x1FF8, 0x1FF8, 0x1FF8, 0x1FF8, 0x1FF8, 0x1FF8, 0x1FF8,
  0x1FF8, 0x1FF8, 0x1FF8, 0x1FF8, 0x1FF8, 0x1FF8, 0x1FF8, 0x1FF8, 0x1FF8, 0x1FF8, 0x1FF8, 0x1FF8,
  0x1FF8, 0x1FF8, 0x1FF8, 0x1FF8, 0x1FF8, 0x1FF8, 0x0000, 0x0000, 0x0000, 0x0000, 0x0000, 0x0000,
  0x0000, 0x0000, 0x0000, 0x0000, 0x0000, 0x0000, 0x0000, 0x0000, 0x0000, 0x1FF8, 0x1FF8, 0x1FF8,
  0x1FF8, 0x1FF8, 0x1FF8, 0x1FF8, 0x1FF8, 0x1FF8, 0x1FF8, 0x1FF8, 0x1FF8, 0x1FF8, 0x1FF8, 0x1FF8,
  0x1FF8, 0x1FF8, 0x1FF8, 0x1FF8, 0x1FF8, 0x1FF8, 0x1FF8, 0x1FF8, 0x1FF8, 0x1FF8, 0x1FF8, 0x1FF8,
  0x1FF8, 0x1FF8, 0x1FF8, 0x1FF8, 0x1FF8, 0x1FF8, 0x1FF8, 0x1FF8, 0x1FF8, 0x1FF8, 0x1FF8, 0x1FF8,
  0x1FF8, 0x1FF8, 0x1FF8, 0x1FF8, 0x1FF8, 0x1FF8, 0x1FF8, 0x1FF8, 0x1FF8, 0x1FF8, 0x1FF8, 0x1FF8,
  0x1FF8, 0x1FF8, 0x1FF8, 0x1FF8, 0x1FF8, 0x1FF8, 0x1FF8, 0x1FF8, 0x1FF8, 0x1FF8, 0x1FF8, 0x1FF8,
  0x1FF8, 0x1FF8, 0x1FF8, 0x1FF8, 0x1FF8, 0x1FF8, 0x0000, 0x0000, 0x0000, 0x0000, 0x0000, 0x0000,
  0x1FF8, 0x1FF8, 0x1FF8, 0x1FF8, 0x1FF8, 0x1FF8, 0x1FF8, 0x1FF8, 0x1FF8, 0x1FF8, 0x1FF8, 0x1FF8,
  0x1FF8, 0x1FF8, 0x1FF8, 0x1FF8, 0x1FF8, 0x1FF8, 0x1FF8, 0x1FF8, 0x1FF8, 0x0000, 0x0000, 0x0000,
  0x4149, 0x4149, 0x4149, 0x036A, 0x036A, 0x036A, 0xC451, 0xC451, 0xC451, 0x0139, 0x0139, 0x0139,
  0x0000, 0x0000, 0x0000, 0x0000, 0x0000, 0x0000, 0x1FF8, 0x1FF8, 0x1FF8, 0x1FF8, 0x1FF8, 0x1FF8,
  0x1FF8, 0x1FF8, 0x1FF8, 0x1FF8, 0x1FF8, 0x1FF8, 0x1FF8, 0x1FF8, 0x1FF8, 0x1FF8, 0x1FF8, 0x1FF8,
  0x1FF8, 0x1FF8, 0x1FF8, 0x1FF8, 0x1FF8, 0x1FF8, 0x1FF8, 0x1FF8, 0x1FF8, 0x1FF8, 0x1FF8, 0x1FF8,
  0x1FF8, 0x1FF8, 0x1FF8, 0x1FF8, 0x1FF8, 0x1FF8, 0x1FF8, 0x1FF8, 0x1FF8, 0x1FF8, 0x1FF8, 0x1FF8,
  0x1FF8, 0x1FF8, 0x1FF8, 0x1FF8, 0x1FF8, 0x1FF8, 0x1FF8, 0x1FF8, 0x1FF8, 0x1FF8, 0x1FF8, 0x1FF8,
  0x1FF8, 0x1FF8, 0x1FF8, 0x1FF8, 0x1FF8, 0x1FF8, 0x0000, 0x0000, 0x0000, 0x0000, 0x0000, 0x0000,
  0x1FF8, 0x1FF8, 0x1FF8, 0x1FF8, 0x1FF8, 0x1FF8, 0x1FF8, 0x1FF8, 0x1FF8, 0x1FF8, 0x1FF8, 0x1FF8,
  0x1FF8, 0x1FF8, 0x1FF8, 0x1FF8, 0x1FF8, 0x1FF8, 0x1FF8, 0x1FF8, 0x1FF8, 0x0000, 0x0000, 0x0000,
  0x4149, 0x4149, 0x4149, 0x036A, 0x036A, 0x036A, 0xC451, 0xC451, 0xC451, 0x0139, 0x0139, 0x0139,
  0x0000, 0x0000, 0x0000, 0x0000, 0x0000, 0x0000, 0x1FF8, 0x1FF8, 0x1FF8, 0x1FF8, 0x1FF8, 0x1FF8,
  0x1FF8, 0x1FF8, 0x1FF8, 0x1FF8, 0x1FF8, 0x1FF8, 0x1FF8, 0x1FF8, 0x1FF8, 0x1FF8, 0x1FF8, 0x1FF8,
  0x1FF8, 0x1FF8, 0x1FF8, 0x1FF8, 0x1FF8, 0x1FF8, 0x1FF8, 0x1FF8, 0x1FF8, 0x1FF8, 0x1FF8, 0x1FF8,
  0x1FF8, 0x1FF8, 0x1FF8, 0x1FF8, 0x1FF8, 0x1FF8, 0x1FF8, 0x1FF8, 0x1FF8, 0x1FF8, 0x1FF8, 0x1FF8,
  0x1FF8, 0x1FF8, 0x1FF8, 0x1FF8, 0x1FF8, 0x1FF8, 0x1FF8, 0x1FF8, 0x1FF8, 0x1FF8, 0x1FF8, 0x1FF8,
  0x1FF8, 0x1FF8, 0x1FF8, 0x1FF8, 0x1FF8, 0x1FF8, 0x0000, 0x0000, 0x0000, 0x0000, 0x0000, 0x0000,
  0x1FF8, 0x1FF8, 0x1FF8, 0x1FF8, 0x1FF8, 0x1FF8, 0x1FF8, 0x1FF8, 0x1FF8, 0x1FF8, 0x1FF8, 0x1FF8,
  0x1FF8, 0x1FF8, 0x1FF8, 0x1FF8, 0x1FF8, 0x1FF8, 0x1FF8, 0x1FF8, 0x1FF8, 0x0000, 0x0000, 0x0000,
  0x4149, 0x4149, 0x4149, 0x036A, 0x036A, 0x036A, 0xC451, 0xC451, 0xC451, 0x0139, 0x0139, 0x0139,
  0x0000, 0x0000, 0x0000, 0x0000, 0x0000, 0x0000, 0x1FF8, 0x1FF8, 0x1FF8, 0x1FF8, 0x1FF8, 0x1FF8,
  0x1FF8, 0x1FF8, 0x1FF8, 0x1FF8, 0x1FF8, 0x1FF8, 0x1FF8, 0x1FF8, 0x1FF8, 0x1FF8, 0x1FF8, 0x1FF8,
  0x1FF8, 0x1FF8, 0x1FF8, 0x1FF8, 0x1FF8, 0x1FF8, 0x1FF8, 0x1FF8, 0x1FF8, 0x1FF8, 0x1FF8, 0x1FF8,
  0x1FF8, 0x1FF8, 0x1FF8, 0x1FF8, 0x1FF8, 0x1FF8, 0x1FF8, 0x1FF8, 0x1FF8, 0x1FF8, 0x1FF8, 0x1FF8,
  0x1FF8, 0x1FF8, 0x1FF8, 0x1FF8, 0x1FF8, 0x1FF8, 0x1FF8, 0x1FF8, 0x1FF8, 0x1FF8, 0x1FF8, 0x1FF8,
  0x1FF8, 0x1FF8, 0x1FF8, 0x1FF8, 0x1FF8, 0x1FF8, 0x0000, 0x0000, 0x0000, 0x036A, 0x036A, 0x036A,
  0x8110, 0x8110, 0x8110, 0x0000, 0x0000, 0x0000, 0x0000, 0x0000, 0x0000, 0x0000, 0x0000, 0x0000,
  0x0000, 0x0000, 0x0000, 0x0000, 0x0000, 0x0000, 0x0000, 0x0000, 0x0000, 0x1FF8, 0x1FF8, 0x1FF8,
  0x1FF8, 0x1FF8, 0x1FF8, 0x4000, 0x4000, 0x4000, 0x036A, 0x036A, 0x036A, 0x036A, 0x036A, 0x036A,
  0x036A, 0x036A, 0x036A, 0x8449, 0x8449, 0x8449, 0x0000, 0x0000, 0x0000, 0x0000, 0x0000, 0x0000,
  0x1FF8, 0x1FF8, 0x1FF8, 0x1FF8, 0x1FF8, 0x1FF8, 0x0000, 0x0000, 0x0000, 0x1FF8, 0x1FF8, 0x1FF8,
  0x1FF8, 0x1FF8, 0x1FF8, 0x1FF8, 0x1FF8, 0x1FF8, 0x1FF8, 0x1FF8, 0x1FF8, 0x1FF8, 0x1FF8, 0x1FF8,
  0x1FF8, 0x1FF8, 0x1FF8, 0x1FF8, 0x1FF8, 0x1FF8, 0x1FF8, 0x1FF8, 0x1FF8, 0x1FF8, 0x1FF8, 0x1FF8,
  0x1FF8, 0x1FF8, 0x1FF8, 0x1FF8, 0x1FF8, 0x1FF8, 0x1FF8, 0x1FF8, 0x1FF8, 0x1FF8, 0x1FF8, 0x1FF8,
  0x1FF8, 0x1FF8, 0x1FF8, 0x1FF8, 0x1FF8, 0x1FF8, 0x0000, 0x0000, 0x0000, 0x036A, 0x036A, 0x036A,
  0x8110, 0x8110, 0x8110, 0x0000, 0x0000, 0x0000, 0x0000, 0x0000, 0x0000, 0x0000, 0x0000, 0x0000,
  0x0000, 0x0000, 0x0000, 0x0000, 0x0000, 0x0000, 0x0000, 0x0000, 0x0000, 0x1FF8, 0x1FF8, 0x1FF8,
  0x1FF8, 0x1FF8, 0x1FF8, 0x4000, 0x4000, 0x4000, 0x036A, 0x036A, 0x036A, 0x036A, 0x036A, 0x036A,
  0x036A, 0x036A, 0x036A, 0x8449, 0x8449, 0x8449, 0x0000, 0x0000, 0x0000, 0x0000, 0x0000, 0x0000,
  0x1FF8, 0x1FF8, 0x1FF8, 0x1FF8, 0x1FF8, 0x1FF8, 0x0000, 0x0000, 0x0000, 0x1FF8, 0x1FF8, 0x1FF8,
  0x1FF8, 0x1FF8, 0x1FF8, 0x1FF8, 0x1FF8, 0x1FF8, 0x1FF8, 0x1FF8, 0x1FF8, 0x1FF8, 0x1FF8, 0x1FF8,
  0x1FF8, 0x1FF8, 0x1FF8, 0x1FF8, 0x1FF8, 0x1FF8, 0x1FF8, 0x1FF8, 0x1FF8, 0x1FF8, 0x1FF8, 0x1FF8,
  0x1FF8, 0x1FF8, 0x1FF8, 0x1FF8, 0x1FF8, 0x1FF8, 0x1FF8, 0x1FF8, 0x1FF8, 0x1FF8, 0x1FF8, 0x1FF8,
  0x1FF8, 0x1FF8, 0x1FF8, 0x1FF8, 0x1FF8, 0x1FF8, 0x0000, 0x0000, 0x0000, 0x036A, 0x036A, 0x036A,
  0x8110, 0x8110, 0x8110, 0x0000, 0x0000, 0x0000, 0x0000, 0x0000, 0x0000, 0x0000, 0x0000, 0x0000,
  0x0000, 0x0000, 0x0000, 0x0000, 0x0000, 0x0000, 0x0000, 0x0000, 0x0000, 0x1FF8, 0x1FF8, 0x1FF8,
  0x1FF8, 0x1FF8, 0x1FF8, 0x4000, 0x4000, 0x4000, 0x036A, 0x036A, 0x036A, 0x036A, 0x036A, 0x036A,
  0x036A, 0x036A, 0x036A, 0x8449, 0x8449, 0x8449, 0x0000, 0x0000, 0x0000, 0x0000, 0x0000, 0x0000,
  0x1FF8, 0x1FF8, 0x1FF8, 0x1FF8, 0x1FF8, 0x1FF8, 0x0000, 0x0000, 0x0000, 0x1FF8, 0x1FF8, 0x1FF8,
  0x1FF8, 0x1FF8, 0x1FF8, 0x1FF8, 0x1FF8, 0x1FF8, 0x1FF8, 0x1FF8, 0x1FF8, 0x1FF8, 0x1FF8, 0x1FF8,
  0x1FF8, 0x1FF8, 0x1FF8, 0x1FF8, 0x1FF8, 0x1FF8, 0x1FF8, 0x1FF8, 0x1FF8, 0x1FF8, 0x1FF8, 0x1FF8,
  0x1FF8, 0x1FF8, 0x1FF8, 0x1FF8, 0x1FF8, 0x1FF8, 0x1FF8, 0x1FF8, 0x1FF8, 0x1FF8, 0x1FF8, 0x1FF8,
  0x1FF8, 0x1FF8, 0x1FF8, 0x1FF8, 0x1FF8, 0x1FF8, 0xC120, 0xC120, 0xC120, 0x036A, 0x036A, 0x036A,
  0x036A, 0x036A, 0x036A, 0x036A, 0x036A, 0x036A, 0x036A, 0x036A, 0x036A, 0x036A, 0x036A, 0x036A,
  0x036A, 0x036A, 0x036A, 0x036A, 0x036A, 0x036A, 0xC451, 0xC451, 0xC451, 0x4149, 0x4149, 0x4149,
  0xC120, 0xC120, 0xC120, 0x0000, 0x0000, 0x0000, 0x4000, 0x4000, 0x4000, 0xA48A, 0xA48A, 0xA48A,
  0x036A, 0x036A, 0x036A, 0x036A, 0x036A, 0x036A, 0x036A, 0x036A, 0x036A, 0xC451, 0xC451, 0xC451,
  0x0000, 0x0000, 0x0000, 0x1FF8, 0x1FF8, 0x1FF8, 0x0000, 0x0000, 0x0000, 0x4000, 0x4000, 0x4000,
  0x1FF8, 0x1FF8, 0x1FF8, 0x1FF8, 0x1FF8, 0x1FF8, 0x1FF8, 0x1FF8, 0x1FF8, 0x1FF8, 0x1FF8, 0x1FF8,
  0x1FF8, 0x1FF8, 0x1FF8, 0x1FF8, 0x1FF8, 0x1FF8, 0x1FF8, 0x1FF8, 0x1FF8, 0x1FF8, 0x1FF8, 0x1FF8,
  0x1FF8, 0x1FF8, 0x1FF8, 0x1FF8, 0x1FF8, 0x1FF8, 0x1FF8, 0x1FF8, 0x1FF8, 0x1FF8, 0x1FF8, 0x1FF8,
  0x1FF8, 0x1FF8, 0x1FF8, 0x1FF8, 0x1FF8, 0x1FF8, 0xC120, 0xC120, 0xC120, 0x036A, 0x036A, 0x036A,
  0x036A, 0x036A, 0x036A, 0x036A, 0x036A, 0x036A, 0x036A, 0x036A, 0x036A, 0x036A, 0x036A, 0x036A,
  0x036A, 0x036A, 0x036A, 0x036A, 0x036A, 0x036A, 0xC451, 0xC451, 0xC451, 0x4149, 0x4149, 0x4149,
  0xC120, 0xC120, 0xC120, 0x0000, 0x0000, 0x0000, 0x4000, 0x4000, 0x4000, 0xA48A, 0xA48A, 0xA48A,
  0x036A, 0x036A, 0x036A, 0x036A, 0x036A, 0x036A, 0x036A, 0x036A, 0x036A, 0xC451, 0xC451, 0xC451,
  0x0000, 0x0000, 0x0000, 0x1FF8, 0x1FF8, 0x1FF8, 0x0000, 0x0000, 0x0000, 0x4000, 0x4000, 0x4000,
  0x1FF8, 0x1FF8, 0x1FF8, 0x1FF8, 0x1FF8, 0x1FF8, 0x1FF8, 0x1FF8, 0x1FF8, 0x1FF8, 0x1FF8, 0x1FF8,
  0x1FF8, 0x1FF8, 0x1FF8, 0x1FF8, 0x1FF8, 0x1FF8, 0x1FF8, 0x1FF8, 0x1FF8, 0x1FF8, 0x1FF8, 0x1FF8,
  0x1FF8, 0x1FF8, 0x1FF8, 0x1FF8, 0x1FF8, 0x1FF8, 0x1FF8, 0x1FF8, 0x1FF8, 0x1FF8, 0x1FF8, 0x1FF8,
  0x1FF8, 0x1FF8, 0x1FF8, 0x1FF8, 0x1FF8, 0x1FF8, 0xC120, 0xC120, 0xC120, 0x036A, 0x036A, 0x036A,
  0x036A, 0x036A, 0x036A, 0x036A, 0x036A, 0x036A, 0x036A, 0x036A, 0x036A, 0x036A, 0x036A, 0x036A,
  0x036A, 0x036A, 0x036A, 0x036A, 0x036A, 0x036A, 0xC451, 0xC451, 0xC451, 0x4149, 0x4149, 0x4149,
  0xC120, 0xC120, 0xC120, 0x0000, 0x0000, 0x0000, 0x4000, 0x4000, 0x4000, 0xA48A, 0xA48A, 0xA48A,
  0x036A, 0x036A, 0x036A, 0x036A, 0x036A, 0x036A, 0x036A, 0x036A, 0x036A, 0xC451, 0xC451, 0xC451,
  0x0000, 0x0000, 0x0000, 0x1FF8, 0x1FF8, 0x1FF8, 0x0000, 0x0000, 0x0000, 0x4000, 0x4000, 0x4000,
  0x1FF8, 0x1FF8, 0x1FF8, 0x1FF8, 0x1FF8, 0x1FF8, 0x1FF8, 0x1FF8, 0x1FF8, 0x1FF8, 0x1FF8, 0x1FF8,
  0x1FF8, 0x1FF8, 0x1FF8, 0x1FF8, 0x1FF8, 0x1FF8, 0x1FF8, 0x1FF8, 0x1FF8, 0x1FF8, 0x1FF8, 0x1FF8,
  0x1FF8, 0x1FF8, 0x1FF8, 0x1FF8, 0x1FF8, 0x1FF8, 0x1FF8, 0x1FF8, 0x1FF8, 0x1FF8, 0x1FF8, 0x1FF8,
  0x1FF8, 0x1FF8, 0x1FF8, 0x1FF8, 0x1FF8, 0x1FF8, 0x0000, 0x0000, 0x0000, 0x036A, 0x036A, 0x036A,
  0x036A, 0x036A, 0x036A, 0xA48A, 0xA48A, 0xA48A, 0x036A, 0x036A, 0x036A, 0x036A, 0x036A, 0x036A,
  0xA48A, 0xA48A, 0xA48A, 0x68B3, 0x68B3, 0x68B3, 0x68B3, 0x68B3, 0x68B3, 0x68B3, 0x68B3, 0x68B3,
  0x036A, 0x036A, 0x036A, 0x036A, 0x036A, 0x036A, 0xC451, 0xC451, 0xC451, 0x036A, 0x036A, 0x036A,
  0x68B3, 0x68B3, 0x68B3, 0x036A, 0x036A, 0x036A, 0xA48A, 0xA48A, 0xA48A, 0x036A, 0x036A, 0x036A,
  0x036A, 0x036A, 0x036A, 0x0139, 0x0139, 0x0139, 0x4000, 0x4000, 0x4000, 0x4149, 0x4149, 0x4149,
  0x0000, 0x0000, 0x0000, 0x1FF8, 0x1FF8, 0x1FF8, 0x1FF8, 0x1FF8, 0x1FF8, 0x1FF8, 0x1FF8, 0x1FF8,
  0x1FF8, 0x1FF8, 0x1FF8, 0x1FF8, 0x1FF8, 0x1FF8, 0x1FF8, 0x1FF8, 0x1FF8, 0x1FF8, 0x1FF8, 0x1FF8,
  0x1FF8, 0x1FF8, 0x1FF8, 0x1FF8, 0x1FF8, 0x1FF8, 0x1FF8, 0x1FF8, 0x1FF8, 0x1FF8, 0x1FF8, 0x1FF8,
  0x1FF8, 0x1FF8, 0x1FF8, 0x1FF8, 0x1FF8, 0x1FF8, 0x0000, 0x0000, 0x0000, 0x036A, 0x036A, 0x036A,
  0x036A, 0x036A, 0x036A, 0xA48A, 0xA48A, 0xA48A, 0x036A, 0x036A, 0x036A, 0x036A, 0x036A, 0x036A,
  0xA48A, 0xA48A, 0xA48A, 0x68B3, 0x68B3, 0x68B3, 0x68B3, 0x68B3, 0x68B3, 0x68B3, 0x68B3, 0x68B3,
  0x036A, 0x036A, 0x036A, 0x036A, 0x036A, 0x036A, 0xC451, 0xC451, 0xC451, 0x036A, 0x036A, 0x036A,
  0x68B3, 0x68B3, 0x68B3, 0x036A, 0x036A, 0x036A, 0xA48A, 0xA48A, 0xA48A, 0x036A, 0x036A, 0x036A,
  0x036A, 0x036A, 0x036A, 0x0139, 0x0139, 0x0139, 0x4000, 0x4000, 0x4000, 0x4149, 0x4149, 0x4149,
  0x0000, 0x0000, 0x0000, 0x1FF8, 0x1FF8, 0x1FF8, 0x1FF8, 0x1FF8, 0x1FF8, 0x1FF8, 0x1FF8, 0x1FF8,
  0x1FF8, 0x1FF8, 0x1FF8, 0x1FF8, 0x1FF8, 0x1FF8, 0x1FF8, 0x1FF8, 0x1FF8, 0x1FF8, 0x1FF8, 0x1FF8,
  0x1FF8, 0x1FF8, 0x1FF8, 0x1FF8, 0x1FF8, 0x1FF8, 0x1FF8, 0x1FF8, 0x1FF8, 0x1FF8, 0x1FF8, 0x1FF8,
  0x1FF8, 0x1FF8, 0x1FF8, 0x1FF8, 0x1FF8, 0x1FF8, 0x0000, 0x0000, 0x0000, 0x036A, 0x036A, 0x036A,
  0x036A, 0x036A, 0x036A, 0xA48A, 0xA48A, 0xA48A, 0x036A, 0x036A, 0x036A, 0x036A, 0x036A, 0x036A,
  0xA48A, 0xA48A, 0xA48A, 0x68B3, 0x68B3, 0x68B3, 0x68B3, 0x68B3, 0x68B3, 0x68B3, 0x68B3, 0x68B3,
  0x036A, 0x036A, 0x036A, 0x036A, 0x036A, 0x036A, 0xC451, 0xC451, 0xC451, 0x036A, 0x036A, 0x036A,
  0x68B3, 0x68B3, 0x68B3, 0x036A, 0x036A, 0x036A, 0xA48A, 0xA48A, 0xA48A, 0x036A, 0x036A, 0x036A,
  0x036A, 0x036A, 0x036A, 0x0139, 0x0139, 0x0139, 0x4000, 0x4000, 0x4000, 0x4149, 0x4149, 0x4149,
  0x0000, 0x0000, 0x0000, 0x1FF8, 0x1FF8, 0x1FF8, 0x1FF8, 0x1FF8, 0x1FF8, 0x1FF8, 0x1FF8, 0x1FF8,
  0x1FF8, 0x1FF8, 0x1FF8, 0x1FF8, 0x1FF8, 0x1FF8, 0x1FF8, 0x1FF8, 0x1FF8, 0x1FF8, 0x1FF8, 0x1FF8,
  0x1FF8, 0x1FF8, 0x1FF8, 0x1FF8, 0x1FF8, 0x1FF8, 0x1FF8, 0x1FF8, 0x1FF8, 0x1FF8, 0x1FF8, 0x1FF8,
  0x0000, 0x0000, 0x0000, 0x1FF8, 0x1FF8, 0x1FF8, 0x0000, 0x0000, 0x0000, 0x036A, 0x036A, 0x036A,
  0x036A, 0x036A, 0x036A, 0x036A, 0x036A, 0x036A, 0xA48A, 0xA48A, 0xA48A, 0x68B3, 0x68B3, 0x68B3,
  0x036A, 0x036A, 0x036A, 0x68B3, 0x68B3, 0x68B3, 0x036A, 0x036A, 0x036A, 0x036A, 0x036A, 0x036A,
  0x68B3, 0x68B3, 0x68B3, 0x68B3, 0x68B3, 0x68B3, 0x036A, 0x036A, 0x036A, 0x036A, 0x036A, 0x036A,
  0x036A, 0x036A, 0x036A, 0x68B3, 0x68B3, 0x68B3, 0x036A, 0x036A, 0x036A, 0x68B3, 0x68B3, 0x68B3,
  0x036A, 0x036A, 0x036A, 0x036A, 0x036A, 0x036A, 0x4149, 0x4149, 0x4149, 0x0000, 0x0000, 0x0000,
  0x4149, 0x4149, 0x4149, 0x0000, 0x0000, 0x0000, 0x1FF8, 0x1FF8, 0x1FF8, 0x1FF8, 0x1FF8, 0x1FF8,
  0x1FF8, 0x1FF8, 0x1FF8, 0x1FF8, 0x1FF8, 0x1FF8, 0x1FF8, 0x1FF8, 0x1FF8, 0x1FF8, 0x1FF8, 0x1FF8,
  0x1FF8, 0x1FF8, 0x1FF8, 0x1FF8, 0x1FF8, 0x1FF8, 0x1FF8, 0x1FF8, 0x1FF8, 0x1FF8, 0x1FF8, 0x1FF8,
  0x0000, 0x0000, 0x0000, 0x1FF8, 0x1FF8, 0x1FF8, 0x0000, 0x0000, 0x0000, 0x036A, 0x036A, 0x036A,
  0x036A, 0x036A, 0x036A, 0x036A, 0x036A, 0x036A, 0xA48A, 0xA48A, 0xA48A, 0x68B3, 0x68B3, 0x68B3,
  0x036A, 0x036A, 0x036A, 0x68B3, 0x68B3, 0x68B3, 0x036A, 0x036A, 0x036A, 0x036A, 0x036A, 0x036A,
  0x68B3, 0x68B3, 0x68B3, 0x68B3, 0x68B3, 0x68B3, 0x036A, 0x036A, 0x036A, 0x036A, 0x036A, 0x036A,
  0x036A, 0x036A, 0x036A, 0x68B3, 0x68B3, 0x68B3, 0x036A, 0x036A, 0x036A, 0x68B3, 0x68B3, 0x68B3,
  0x036A, 0x036A, 0x036A, 0x036A, 0x036A, 0x036A, 0x4149, 0x4149, 0x4149, 0x0000, 0x0000, 0x0000,
  0x4149, 0x4149, 0x4149, 0x0000, 0x0000, 0x0000, 0x1FF8, 0x1FF8, 0x1FF8, 0x1FF8, 0x1FF8, 0x1FF8,
  0x1FF8, 0x1FF8, 0x1FF8, 0x1FF8, 0x1FF8, 0x1FF8, 0x1FF8, 0x1FF8, 0x1FF8, 0x1FF8, 0x1FF8, 0x1FF8,
  0x1FF8, 0x1FF8, 0x1FF8, 0x1FF8, 0x1FF8, 0x1FF8, 0x1FF8, 0x1FF8, 0x1FF8, 0x1FF8, 0x1FF8, 0x1FF8,
  0x0000, 0x0000, 0x0000, 0x1FF8, 0x1FF8, 0x1FF8, 0x0000, 0x0000, 0x0000, 0x036A, 0x036A, 0x036A,
  0x036A, 0x036A, 0x036A, 0x036A, 0x036A, 0x036A, 0xA48A, 0xA48A, 0xA48A, 0x68B3, 0x68B3, 0x68B3,
  0x036A, 0x036A, 0x036A, 0x68B3, 0x68B3, 0x68B3, 0x036A, 0x036A, 0x036A, 0x036A, 0x036A, 0x036A,
  0x68B3, 0x68B3, 0x68B3, 0x68B3, 0x68B3, 0x68B3, 0x036A, 0x036A, 0x036A, 0x036A, 0x036A, 0x036A,
  0x036A, 0x036A, 0x036A, 0x68B3, 0x68B3, 0x68B3, 0x036A, 0x036A, 0x036A, 0x68B3, 0x68B3, 0x68B3,
  0x036A, 0x036A, 0x036A, 0x036A, 0x036A, 0x036A, 0x4149, 0x4149, 0x4149, 0x0000, 0x0000, 0x0000,
  0x4149, 0x4149, 0x4149, 0x0000, 0x0000, 0x0000, 0x1FF8, 0x1FF8, 0x1FF8, 0x1FF8, 0x1FF8, 0x1FF8,
  0x1FF8, 0x1FF8, 0x1FF8, 0x1FF8, 0x1FF8, 0x1FF8, 0x1FF8, 0x1FF8, 0x1FF8, 0x1FF8, 0x1FF8, 0x1FF8,
  0x1FF8, 0x1FF8, 0x1FF8, 0x1FF8, 0x1FF8, 0x1FF8, 0x1FF8, 0x1FF8, 0x1FF8, 0x1FF8, 0x1FF8, 0x1FF8,
  0x8208, 0x8208, 0x8208, 0x8110, 0x8110, 0x8110, 0x1FF8, 0x1FF8, 0x1FF8, 0x0139, 0x0139, 0x0139,
  0x036A, 0x036A, 0x036A, 0x036A, 0x036A, 0x036A, 0x036A, 0x036A, 0x036A, 0x036A, 0x036A, 0x036A,
  0x68B3, 0x68B3, 0x68B3, 0xA48A, 0xA48A, 0xA48A, 0x036A, 0x036A, 0x036A, 0x036A, 0x036A, 0x036A,
  0x036A, 0x036A, 0x036A, 0x036A, 0x036A, 0x036A, 0x68B3, 0x68B3, 0x68B3, 0x036A, 0x036A, 0x036A,
  0x036A, 0x036A, 0x036A, 0x036A, 0x036A, 0x036A, 0x036A, 0x036A, 0x036A, 0xA48A, 0xA48A, 0xA48A,
  0x036A, 0x036A, 0x036A, 0x036A, 0x036A, 0x036A, 0x036A, 0x036A, 0x036A, 0xC120, 0xC120, 0xC120,
  0x036A, 0x036A, 0x036A, 0x0000, 0x0000, 0x0000, 0x4000, 0x4000, 0x4000, 0x4000, 0x4000, 0x4000,
  0x0000, 0x0000, 0x0000, 0x1FF8, 0x1FF8, 0x1FF8, 0x1FF8, 0x1FF8, 0x1FF8, 0x1FF8, 0x1FF8, 0x1FF8,
  0x1FF8, 0x1FF8, 0x1FF8, 0x1FF8, 0x1FF8, 0x1FF8, 0x1FF8, 0x1FF8, 0x1FF8, 0x1FF8, 0x1FF8, 0x1FF8,
  0x8208, 0x8208, 0x8208, 0x8110, 0x8110, 0x8110, 0x1FF8, 0x1FF8, 0x1FF8, 0x0139, 0x0139, 0x0139,
  0x036A, 0x036A, 0x036A, 0x036A, 0x036A, 0x036A, 0x036A, 0x036A, 0x036A, 0x036A, 0x036A, 0x036A,
  0x68B3, 0x68B3, 0x68B3, 0xA48A, 0xA48A, 0xA48A, 0x036A, 0x036A, 0x036A, 0x036A, 0x036A, 0x036A,
  0x036A, 0x036A, 0x036A, 0x036A, 0x036A, 0x036A, 0x68B3, 0x68B3, 0x68B3, 0x036A, 0x036A, 0x036A,
  0x036A, 0x036A, 0x036A, 0x036A, 0x036A, 0x036A, 0x036A, 0x036A, 0x036A, 0xA48A, 0xA48A, 0xA48A,
  0x036A, 0x036A, 0x036A, 0x036A, 0x036A, 0x036A, 0x036A, 0x036A, 0x036A, 0xC120, 0xC120, 0xC120,
  0x036A, 0x036A, 0x036A, 0x0000, 0x0000, 0x0000, 0x4000, 0x4000, 0x4000, 0x4000, 0x4000, 0x4000,
  0x0000, 0x0000, 0x0000, 0x1FF8, 0x1FF8, 0x1FF8, 0x1FF8, 0x1FF8, 0x1FF8, 0x1FF8, 0x1FF8, 0x1FF8,
  0x1FF8, 0x1FF8, 0x1FF8, 0x1FF8, 0x1FF8, 0x1FF8, 0x1FF8, 0x1FF8, 0x1FF8, 0x1FF8, 0x1FF8, 0x1FF8,
  0x8208, 0x8208, 0x8208, 0x8110, 0x8110, 0x8110, 0x1FF8, 0x1FF8, 0x1FF8, 0x0139, 0x0139, 0x0139,
  0x036A, 0x036A, 0x036A, 0x036A, 0x036A, 0x036A, 0x036A, 0x036A, 0x036A, 0x036A, 0x036A, 0x036A,
  0x68B3, 0x68B3, 0x68B3, 0xA48A, 0xA48A, 0xA48A, 0x036A, 0x036A, 0x036A, 0x036A, 0x036A, 0x036A,
  0x036A, 0x036A, 0x036A, 0x036A, 0x036A, 0x036A, 0x68B3, 0x68B3, 0x68B3, 0x036A, 0x036A, 0x036A,
  0x036A, 0x036A, 0x036A, 0x036A, 0x036A, 0x036A, 0x036A, 0x036A, 0x036A, 0xA48A, 0xA48A, 0xA48A,
  0x036A, 0x036A, 0x036A, 0x036A, 0x036A, 0x036A, 0x036A, 0x036A, 0x036A, 0xC120, 0xC120, 0xC120,
  0x036A, 0x036A, 0x036A, 0x0000, 0x0000, 0x0000, 0x4000, 0x4000, 0x4000, 0x4000, 0x4000, 0x4000,
  0x0000, 0x0000, 0x0000, 0x1FF8, 0x1FF8, 0x1FF8, 0x1FF8, 0x1FF8, 0x1FF8, 0x1FF8, 0x1FF8, 0x1FF8,
  0x1FF8, 0x1FF8, 0x1FF8, 0x1FF8, 0x1FF8, 0x1FF8, 0x1FF8, 0x1FF8, 0x1FF8, 0x1FF8, 0x1FF8, 0x1FF8,
  0x0000, 0x0000, 0x0000, 0x036A, 0x036A, 0x036A, 0x0139, 0x0139, 0x0139, 0x0000, 0x0000, 0x0000,
  0x036A, 0x036A, 0x036A, 0x036A, 0x036A, 0x036A, 0x036A, 0x036A, 0x036A, 0x036A, 0x036A, 0x036A,
  0x036A, 0x036A, 0x036A, 0x036A, 0x036A, 0x036A, 0x036A, 0x036A, 0x036A, 0x036A, 0x036A, 0x036A,
  0x036A, 0x036A, 0x036A, 0x036A, 0x036A, 0x036A, 0x036A, 0x036A, 0x036A, 0x036A, 0x036A, 0x036A,
  0x036A, 0x036A, 0x036A, 0x4149, 0x4149, 0x4149, 0x4149, 0x4149, 0x4149, 0x4149, 0x4149, 0x4149,
  0x4149, 0x4149, 0x4149, 0x036A, 0x036A, 0x036A, 0x036A, 0x036A, 0x036A, 0x036A, 0x036A, 0x036A,
  0x036A, 0x036A, 0x036A, 0x8449, 0x8449, 0x8449, 0x4149, 0x4149, 0x4149, 0x0000, 0x0000, 0x0000,
  0x1FF8, 0x1FF8, 0x1FF8, 0x1FF8, 0x1FF8, 0x1FF8, 0x1FF8, 0x1FF8, 0x1FF8, 0x1FF8, 0x1FF8, 0x1FF8,
  0x1FF8, 0x1FF8, 0x1FF8, 0x1FF8, 0x1FF8, 0x1FF8, 0x1FF8, 0x1FF8, 0x1FF8, 0x1FF8, 0x1FF8, 0x1FF8,
  0x0000, 0x0000, 0x0000, 0x036A, 0x036A, 0x036A, 0x0139, 0x0139, 0x0139, 0x0000, 0x0000, 0x0000,
  0x036A, 0x036A, 0x036A, 0x036A, 0x036A, 0x036A, 0x036A, 0x036A, 0x036A, 0x036A, 0x036A, 0x036A,
  0x036A, 0x036A, 0x036A, 0x036A, 0x036A, 0x036A, 0x036A, 0x036A, 0x036A, 0x036A, 0x036A, 0x036A,
  0x036A, 0x036A, 0x036A, 0x036A, 0x036A, 0x036A, 0x036A, 0x036A, 0x036A, 0x036A, 0x036A, 0x036A,
  0x036A, 0x036A, 0x036A, 0x4149, 0x4149, 0x4149, 0x4149, 0x4149, 0x4149, 0x4149, 0x4149, 0x4149,
  0x4149, 0x4149, 0x4149, 0x036A, 0x036A, 0x036A, 0x036A, 0x036A, 0x036A, 0x036A, 0x036A, 0x036A,
  0x036A, 0x036A, 0x036A, 0x8449, 0x8449, 0x8449, 0x4149, 0x4149, 0x4149, 0x0000, 0x0000, 0x0000,
  0x1FF8, 0x1FF8, 0x1FF8, 0x1FF8, 0x1FF8, 0x1FF8, 0x1FF8, 0x1FF8, 0x1FF8, 0x1FF8, 0x1FF8, 0x1FF8,
  0x1FF8, 0x1FF8, 0x1FF8, 0x1FF8, 0x1FF8, 0x1FF8, 0x1FF8, 0x1FF8, 0x1FF8, 0x1FF8, 0x1FF8, 0x1FF8,
  0x0000, 0x0000, 0x0000, 0x036A, 0x036A, 0x036A, 0x0139, 0x0139, 0x0139, 0x0000, 0x0000, 0x0000,
  0x036A, 0x036A, 0x036A, 0x036A, 0x036A, 0x036A, 0x036A, 0x036A, 0x036A, 0x036A, 0x036A, 0x036A,
  0x036A, 0x036A, 0x036A, 0x036A, 0x036A, 0x036A, 0x036A, 0x036A, 0x036A, 0x036A, 0x036A, 0x036A,
  0x036A, 0x036A, 0x036A, 0x036A, 0x036A, 0x036A, 0x036A, 0x036A, 0x036A, 0x036A, 0x036A, 0x036A,
  0x036A, 0x036A, 0x036A, 0x4149, 0x4149, 0x4149, 0x4149, 0x4149, 0x4149, 0x4149, 0x4149, 0x4149,
  0x4149, 0x4149, 0x4149, 0x036A, 0x036A, 0x036A, 0x036A, 0x036A, 0x036A, 0x036A, 0x036A, 0x036A,
  0x036A, 0x036A, 0x036A, 0x8449, 0x8449, 0x8449, 0x4149, 0x4149, 0x4149, 0x0000, 0x0000, 0x0000,
  0x1FF8, 0x1FF8, 0x1FF8, 0x1FF8, 0x1FF8, 0x1FF8, 0x1FF8, 0x1FF8, 0x1FF8, 0x1FF8, 0x1FF8, 0x1FF8,
  0x1FF8, 0x1FF8, 0x1FF8, 0x1FF8, 0x1FF8, 0x1FF8, 0x1FF8, 0x1FF8, 0x1FF8, 0x1FF8, 0x1FF8, 0x1FF8,
  0x0000, 0x0000, 0x0000, 0x8449, 0x8449, 0x8449, 0x036A, 0x036A, 0x036A, 0x4149, 0x4149, 0x4149,
  0x0000, 0x0000, 0x0000, 0x036A, 0x036A, 0x036A, 0x036A, 0x036A, 0x036A, 0x036A, 0x036A, 0x036A,
  0x036A, 0x036A, 0x036A, 0x4149, 0x4149, 0x4149, 0x4149, 0x4149, 0x4149, 0x036A, 0x036A, 0x036A,
  0x036A, 0x036A, 0x036A, 0x036A, 0x036A, 0x036A, 0x036A, 0x036A, 0x036A, 0x8449, 0x8449, 0x8449,
  0x4149, 0x4149, 0x4149, 0x3CE7, 0x3CE7, 0x3CE7, 0x3CE7, 0x3CE7, 0x3CE7, 0x3CE7, 0x3CE7, 0x3CE7,
  0x3CE7, 0x3CE7, 0x3CE7, 0x4149, 0x4149, 0x4149, 0xC451, 0xC451, 0xC451, 0x036A, 0x036A, 0x036A,
  0x036A, 0x036A, 0x036A, 0x036A, 0x036A, 0x036A, 0x0000, 0x0000, 0x0000, 0x4000, 0x4000, 0x4000,
  0x0000, 0x0000, 0x0000, 0x1FF8, 0x1FF8, 0x1FF8, 0x1FF8, 0x1FF8, 0x1FF8, 0x1FF8, 0x1FF8, 0x1FF8,
  0x1FF8, 0x1FF8, 0x1FF8, 0x1FF8, 0x1FF8, 0x1FF8, 0x1FF8, 0x1FF8, 0x1FF8, 0x1FF8, 0x1FF8, 0x1FF8,
  0x0000, 0x0000, 0x0000, 0x8449, 0x8449, 0x8449, 0x036A, 0x036A, 0x036A, 0x4149, 0x4149, 0x4149,
  0x0000, 0x0000, 0x0000, 0x036A, 0x036A, 0x036A, 0x036A, 0x036A, 0x036A, 0x036A, 0x036A, 0x036A,
  0x036A, 0x036A, 0x036A, 0x4149, 0x4149, 0x4149, 0x4149, 0x4149, 0x4149, 0x036A, 0x036A, 0x036A,
  0x036A, 0x036A, 0x036A, 0x036A, 0x036A, 0x036A, 0x036A, 0x036A, 0x036A, 0x8449, 0x8449, 0x8449,
  0x4149, 0x4149, 0x4149, 0x3CE7, 0x3CE7, 0x3CE7, 0x3CE7, 0x3CE7, 0x3CE7, 0x3CE7, 0x3CE7, 0x3CE7,
  0x3CE7, 0x3CE7, 0x3CE7, 0x4149, 0x4149, 0x4149, 0xC451, 0xC451, 0xC451, 0x036A, 0x036A, 0x036A,
  0x036A, 0x036A, 0x036A, 0x036A, 0x036A, 0x036A, 0x0000, 0x0000, 0x0000, 0x4000, 0x4000, 0x4000,
  0x0000, 0x0000, 0x0000, 0x1FF8, 0x1FF8, 0x1FF8, 0x1FF8, 0x1FF8, 0x1FF8, 0x1FF8, 0x1FF8, 0x1FF8,
  0x1FF8, 0x1FF8, 0x1FF8, 0x1FF8, 0x1FF8, 0x1FF8, 0x1FF8, 0x1FF8, 0x1FF8, 0x1FF8, 0x1FF8, 0x1FF8,
  0x0000, 0x0000, 0x0000, 0x8449, 0x8449, 0x8449, 0x036A, 0x036A, 0x036A, 0x4149, 0x4149, 0x4149,
  0x0000, 0x0000, 0x0000, 0x036A, 0x036A, 0x036A, 0x036A, 0x036A, 0x036A, 0x036A, 0x036A, 0x036A,
  0x036A, 0x036A, 0x036A, 0x4149, 0x4149, 0x4149, 0x4149, 0x4149, 0x4149, 0x036A, 0x036A, 0x036A,
  0x036A, 0x036A, 0x036A, 0x036A, 0x036A, 0x036A, 0x036A, 0x036A, 0x036A, 0x8449, 0x8449, 0x8449,
  0x4149, 0x4149, 0x4149, 0x3CE7, 0x3CE7, 0x3CE7, 0x3CE7, 0x3CE7, 0x3CE7, 0x3CE7, 0x3CE7, 0x3CE7,
  0x3CE7, 0x3CE7, 0x3CE7, 0x4149, 0x4149, 0x4149, 0xC451, 0xC451, 0xC451, 0x036A, 0x036A, 0x036A,
  0x036A, 0x036A, 0x036A, 0x036A, 0x036A, 0x036A, 0x0000, 0x0000, 0x0000, 0x4000, 0x4000, 0x4000,
  0x0000, 0x0000, 0x0000, 0x1FF8, 0x1FF8, 0x1FF8, 0x1FF8, 0x1FF8, 0x1FF8, 0x1FF8, 0x1FF8, 0x1FF8,
  0x1FF8, 0x1FF8, 0x1FF8, 0x1FF8, 0x1FF8, 0x1FF8, 0x1FF8, 0x1FF8, 0x1FF8, 0x1FF8, 0x1FF8, 0x1FF8,
  0x1FF8, 0x1FF8, 0x1FF8, 0x0000, 0x0000, 0x0000, 0x036A, 0x036A, 0x036A, 0xA48A, 0xA48A, 0xA48A,
  0x036A, 0x036A, 0x036A, 0x036A, 0x036A, 0x036A, 0x036A, 0x036A, 0x036A, 0x036A, 0x036A, 0x036A,
  0x4149, 0x4149, 0x4149, 0xF7BD, 0xF7BD, 0xF7BD, 0xF7BD, 0xF7BD, 0xF7BD, 0x4149, 0x4149, 0x4149,
  0x4149, 0x4149, 0x4149, 0x036A, 0x036A, 0x036A, 0x036A, 0x036A, 0x036A, 0x4149, 0x4149, 0x4149,
  0x3CE7, 0x3CE7, 0x3CE7, 0x4000, 0x4000, 0x4000, 0x4000, 0x4000, 0x4000, 0x4000, 0x4000, 0x4000,
  0x4000, 0x4000, 0x4000, 0x3CE7, 0x3CE7, 0x3CE7, 0x3CE7, 0x3CE7, 0x3CE7, 0x4149, 0x4149, 0x4149,
  0x036A, 0x036A, 0x036A, 0x036A, 0x036A, 0x036A, 0x036A, 0x036A, 0x036A, 0xC451, 0xC451, 0xC451,
  0x0000, 0x0000, 0x0000, 0x1FF8, 0x1FF8, 0x1FF8, 0x1FF8, 0x1FF8, 0x1FF8, 0x1FF8, 0x1FF8, 0x1FF8,
  0x1FF8, 0x1FF8, 0x1FF8, 0x1FF8, 0x1FF8, 0x1FF8, 0x1FF8, 0x1FF8, 0x1FF8, 0x1FF8, 0x1FF8, 0x1FF8,
  0x1FF8, 0x1FF8, 0x1FF8, 0x0000, 0x0000, 0x0000, 0x036A, 0x036A, 0x036A, 0xA48A, 0xA48A, 0xA48A,
  0x036A, 0x036A, 0x036A, 0x036A, 0x036A, 0x036A, 0x036A, 0x036A, 0x036A, 0x036A, 0x036A, 0x036A,
  0x4149, 0x4149, 0x4149, 0xF7BD, 0xF7BD, 0xF7BD, 0xF7BD, 0xF7BD, 0xF7BD, 0x4149, 0x4149, 0x4149,
  0x4149, 0x4149, 0x4149, 0x036A, 0x036A, 0x036A, 0x036A, 0x036A, 0x036A, 0x4149, 0x4149, 0x4149,
  0x3CE7, 0x3CE7, 0x3CE7, 0x4000, 0x4000, 0x4000, 0x4000, 0x4000, 0x4000, 0x4000, 0x4000, 0x4000,
  0x4000, 0x4000, 0x4000, 0x3CE7, 0x3CE7, 0x3CE7, 0x3CE7, 0x3CE7, 0x3CE7, 0x4149, 0x4149, 0x4149,
  0x036A, 0x036A, 0x036A, 0x036A, 0x036A, 0x036A, 0x036A, 0x036A, 0x036A, 0xC451, 0xC451, 0xC451,
  0x0000, 0x0000, 0x0000, 0x1FF8, 0x1FF8, 0x1FF8, 0x1FF8, 0x1FF8, 0x1FF8, 0x1FF8, 0x1FF8, 0x1FF8,
  0x1FF8, 0x1FF8, 0x1FF8, 0x1FF8, 0x1FF8, 0x1FF8, 0x1FF8, 0x1FF8, 0x1FF8, 0x1FF8, 0x1FF8, 0x1FF8,
  0x1FF8, 0x1FF8, 0x1FF8, 0x0000, 0x0000, 0x0000, 0x036A, 0x036A, 0x036A, 0xA48A, 0xA48A, 0xA48A,
  0x036A, 0x036A, 0x036A, 0x036A, 0x036A, 0x036A, 0x036A, 0x036A, 0x036A, 0x036A, 0x036A, 0x036A,
  0x4149, 0x4149, 0x4149, 0xF7BD, 0xF7BD, 0xF7BD, 0xF7BD, 0xF7BD, 0xF7BD, 0x4149, 0x4149, 0x4149,
  0x4149, 0x4149, 0x4149, 0x036A, 0x036A, 0x036A, 0x036A, 0x036A, 0x036A, 0x4149, 0x4149, 0x4149,
  0x3CE7, 0x3CE7, 0x3CE7, 0x4000, 0x4000, 0x4000, 0x4000, 0x4000, 0x4000, 0x4000, 0x4000, 0x4000,
  0x4000, 0x4000, 0x4000, 0x3CE7, 0x3CE7, 0x3CE7, 0x3CE7, 0x3CE7, 0x3CE7, 0x4149, 0x4149, 0x4149,
  0x036A, 0x036A, 0x036A, 0x036A, 0x036A, 0x036A, 0x036A, 0x036A, 0x036A, 0xC451, 0xC451, 0xC451,
  0x0000, 0x0000, 0x0000, 0x1FF8, 0x1FF8, 0x1FF8, 0x1FF8, 0x1FF8, 0x1FF8, 0x1FF8, 0x1FF8, 0x1FF8,
  0x1FF8, 0x1FF8, 0x1FF8, 0x1FF8, 0x1FF8, 0x1FF8, 0x1FF8, 0x1FF8, 0x1FF8, 0x1FF8, 0x1FF8, 0x1FF8,
  0x1FF8, 0x1FF8, 0x1FF8, 0x0000, 0x0000, 0x0000, 0x036A, 0x036A, 0x036A, 0x036A, 0x036A, 0x036A,
  0x68B3, 0x68B3, 0x68B3, 0xA48A, 0xA48A, 0xA48A, 0xC451, 0xC451, 0xC451, 0x4149, 0x4149, 0x4149,
  0xF7BD, 0xF7BD, 0xF7BD, 0x4000, 0x4000, 0x4000, 0x4000, 0x4000, 0x4000, 0xF7BD, 0xF7BD, 0xF7BD,
  0x0421, 0x0421, 0x0421, 0x4149, 0x4149, 0x4149, 0x4149, 0x4149, 0x4149, 0x56AD, 0x56AD, 0x56AD,
  0x4000, 0x4000, 0x4000, 0x5243, 0x5243, 0x5243, 0x5243, 0x5243, 0x5243, 0x5243, 0x5243, 0x5243,
  0xFFFF, 0xFFFF, 0xFFFF, 0x4000, 0x4000, 0x4000, 0x3CE7, 0x3CE7, 0x3CE7, 0x3CE7, 0x3CE7, 0x3CE7,
  0x4149, 0x4149, 0x4149, 0xA48A, 0xA48A, 0xA48A, 0x68B3, 0x68B3, 0x68B3, 0x036A, 0x036A, 0x036A,
  0x8449, 0x8449, 0x8449, 0x0000, 0x0000, 0x0000, 0x1FF8, 0x1FF8, 0x1FF8, 0x1FF8, 0x1FF8, 0x1FF8,
  0x1FF8, 0x1FF8, 0x1FF8, 0x1FF8, 0x1FF8, 0x1FF8, 0x1FF8, 0x1FF8, 0x1FF8, 0x1FF8, 0x1FF8, 0x1FF8,
  0x1FF8, 0x1FF8, 0x1FF8, 0x0000, 0x0000, 0x0000, 0x036A, 0x036A, 0x036A, 0x036A, 0x036A, 0x036A,
  0x68B3, 0x68B3, 0x68B3, 0xA48A, 0xA48A, 0xA48A, 0xC451, 0xC451, 0xC451, 0x4149, 0x4149, 0x4149,
  0xF7BD, 0xF7BD, 0xF7BD, 0x4000, 0x4000, 0x4000, 0x4000, 0x4000, 0x4000, 0xF7BD, 0xF7BD, 0xF7BD,
  0x0421, 0x0421, 0x0421, 0x4149, 0x4149, 0x4149, 0x4149, 0x4149, 0x4149, 0x56AD, 0x56AD, 0x56AD,
  0x4000, 0x4000, 0x4000, 0x5243, 0x5243, 0x5243, 0x5243, 0x5243, 0x5243, 0x5243, 0x5243, 0x5243,
  0xFFFF, 0xFFFF, 0xFFFF, 0x4000, 0x4000, 0x4000, 0x3CE7, 0x3CE7, 0x3CE7, 0x3CE7, 0x3CE7, 0x3CE7,
  0x4149, 0x4149, 0x4149, 0xA48A, 0xA48A, 0xA48A, 0x68B3, 0x68B3, 0x68B3, 0x036A, 0x036A, 0x036A,
  0x8449, 0x8449, 0x8449, 0x0000, 0x0000, 0x0000, 0x1FF8, 0x1FF8, 0x1FF8, 0x1FF8, 0x1FF8, 0x1FF8,
  0x1FF8, 0x1FF8, 0x1FF8, 0x1FF8, 0x1FF8, 0x1FF8, 0x1FF8, 0x1FF8, 0x1FF8, 0x1FF8, 0x1FF8, 0x1FF8,
  0x1FF8, 0x1FF8, 0x1FF8, 0x0000, 0x0000, 0x0000, 0x036A, 0x036A, 0x036A, 0x036A, 0x036A, 0x036A,
  0x68B3, 0x68B3, 0x68B3, 0xA48A, 0xA48A, 0xA48A, 0xC451, 0xC451, 0xC451, 0x4149, 0x4149, 0x4149,
  0xF7BD, 0xF7BD, 0xF7BD, 0x4000, 0x4000, 0x4000, 0x4000, 0x4000, 0x4000, 0xF7BD, 0xF7BD, 0xF7BD,
  0x0421, 0x0421, 0x0421, 0x4149, 0x4149, 0x4149, 0x4149, 0x4149, 0x4149, 0x56AD, 0x56AD, 0x56AD,
  0x4000, 0x4000, 0x4000, 0x5243, 0x5243, 0x5243, 0x5243, 0x5243, 0x5243, 0x5243, 0x5243, 0x5243,
  0xFFFF, 0xFFFF, 0xFFFF, 0x4000, 0x4000, 0x4000, 0x3CE7, 0x3CE7, 0x3CE7, 0x3CE7, 0x3CE7, 0x3CE7,
  0x4149, 0x4149, 0x4149, 0xA48A, 0xA48A, 0xA48A, 0x68B3, 0x68B3, 0x68B3, 0x036A, 0x036A, 0x036A,
  0x8449, 0x8449, 0x8449, 0x0000, 0x0000, 0x0000, 0x1FF8, 0x1FF8, 0x1FF8, 0x1FF8, 0x1FF8, 0x1FF8,
  0x1FF8, 0x1FF8, 0x1FF8, 0x1FF8, 0x1FF8, 0x1FF8, 0x1FF8, 0x1FF8, 0x1FF8, 0x1FF8, 0x1FF8, 0x1FF8,
  0x1FF8, 0x1FF8, 0x1FF8, 0x0000, 0x0000, 0x0000, 0x8449, 0x8449, 0x8449, 0x036A, 0x036A, 0x036A,
  0x036A, 0x036A, 0x036A, 0x036A, 0x036A, 0x036A, 0x4149, 0x4149, 0x4149, 0xF7BD, 0xF7BD, 0xF7BD,
  0x4000, 0x4000, 0x4000, 0x5243, 0x5243, 0x5243, 0xFFFF, 0xFFFF, 0xFFFF, 0x4000, 0x4000, 0x4000,
  0x99D6, 0x99D6, 0x99D6, 0x0421, 0x0421, 0x0421, 0x4149, 0x4149, 0x4149, 0xBAD6, 0xBAD6, 0xBAD6,
  0x4000, 0x4000, 0x4000, 0x1A7D, 0x1A7D, 0x1A7D, 0x1A7D, 0x1A7D, 0x1A7D, 0xFFFF, 0xFFFF, 0xFFFF,
  0x1A7D, 0x1A7D, 0x1A7D, 0x5243, 0x5243, 0x5243, 0x4000, 0x4000, 0x4000, 0x3CE7, 0x3CE7, 0x3CE7,
  0x4149, 0x4149, 0x4149, 0x036A, 0x036A, 0x036A, 0x036A, 0x036A, 0x036A, 0x68B3, 0x68B3, 0x68B3,
  0x036A, 0x036A, 0x036A, 0x4149, 0x4149, 0x4149, 0x0000, 0x0000, 0x0000, 0x1FF8, 0x1FF8, 0x1FF8,
  0x1FF8, 0x1FF8, 0x1FF8, 0x1FF8, 0x1FF8, 0x1FF8, 0x1FF8, 0x1FF8, 0x1FF8, 0x1FF8, 0x1FF8, 0x1FF8,
  0x1FF8, 0x1FF8, 0x1FF8, 0x0000, 0x0000, 0x0000, 0x8449, 0x8449, 0x8449, 0x036A, 0x036A, 0x036A,
  0x036A, 0x036A, 0x036A, 0x036A, 0x036A, 0x036A, 0x4149, 0x4149, 0x4149, 0xF7BD, 0xF7BD, 0xF7BD,
  0x4000, 0x4000, 0x4000, 0x5243, 0x5243, 0x5243, 0xFFFF, 0xFFFF, 0xFFFF, 0x4000, 0x4000, 0x4000,
  0x99D6, 0x99D6, 0x99D6, 0x0421, 0x0421, 0x0421, 0x4149, 0x4149, 0x4149, 0xBAD6, 0xBAD6, 0xBAD6,
  0x4000, 0x4000, 0x4000, 0x1A7D, 0x1A7D, 0x1A7D, 0x1A7D, 0x1A7D, 0x1A7D, 0xFFFF, 0xFFFF, 0xFFFF,
  0x1A7D, 0x1A7D, 0x1A7D, 0x5243, 0x5243, 0x5243, 0x4000, 0x4000, 0x4000, 0x3CE7, 0x3CE7, 0x3CE7,
  0x4149, 0x4149, 0x4149, 0x036A, 0x036A, 0x036A, 0x036A, 0x036A, 0x036A, 0x68B3, 0x68B3, 0x68B3,
  0x036A, 0x036A, 0x036A, 0x4149, 0x4149, 0x4149, 0x0000, 0x0000, 0x0000, 0x1FF8, 0x1FF8, 0x1FF8,
  0x1FF8, 0x1FF8, 0x1FF8, 0x1FF8, 0x1FF8, 0x1FF8, 0x1FF8, 0x1FF8, 0x1FF8, 0x1FF8, 0x1FF8, 0x1FF8,
  0x1FF8, 0x1FF8, 0x1FF8, 0x0000, 0x0000, 0x0000, 0x8449, 0x8449, 0x8449, 0x036A, 0x036A, 0x036A,
  0x036A, 0x036A, 0x036A, 0x036A, 0x036A, 0x036A, 0x4149, 0x4149, 0x4149, 0xF7BD, 0xF7BD, 0xF7BD,
  0x4000, 0x4000, 0x4000, 0x5243, 0x5243, 0x5243, 0xFFFF, 0xFFFF, 0xFFFF, 0x4000, 0x4000, 0x4000,
  0x99D6, 0x99D6, 0x99D6, 0x0421, 0x0421, 0x0421, 0x4149, 0x4149, 0x4149, 0xBAD6, 0xBAD6, 0xBAD6,
  0x4000, 0x4000, 0x4000, 0x1A7D, 0x1A7D, 0x1A7D, 0x1A7D, 0x1A7D, 0x1A7D, 0xFFFF, 0xFFFF, 0xFFFF,
  0x1A7D, 0x1A7D, 0x1A7D, 0x5243, 0x5243, 0x5243, 0x4000, 0x4000, 0x4000, 0x3CE7, 0x3CE7, 0x3CE7,
  0x4149, 0x4149, 0x4149, 0x036A, 0x036A, 0x036A, 0x036A, 0x036A, 0x036A, 0x68B3, 0x68B3, 0x68B3,
  0x036A, 0x036A, 0x036A, 0x4149, 0x4149, 0x4149, 0x0000, 0x0000, 0x0000, 0x1FF8, 0x1FF8, 0x1FF8,
  0x1FF8, 0x1FF8, 0x1FF8, 0x1FF8, 0x1FF8, 0x1FF8, 0x1FF8, 0x1FF8, 0x1FF8, 0x1FF8, 0x1FF8, 0x1FF8,
  0x1FF8, 0x1FF8, 0x1FF8, 0x1FF8, 0x1FF8, 0x1FF8, 0x0000, 0x0000, 0x0000, 0x036A, 0x036A, 0x036A,
  0x036A, 0x036A, 0x036A, 0x8449, 0x8449, 0x8449, 0xF7BD, 0xF7BD, 0xF7BD, 0x4000, 0x4000, 0x4000,
  0x5243, 0x5243, 0x5243, 0xFFFF, 0xFFFF, 0xFFFF, 0x5243, 0x5243, 0x5243, 0x4000, 0x4000, 0x4000,
  0x7DEF, 0x7DEF, 0x7DEF, 0x0421, 0x0421, 0x0421, 0x8629, 0x8629, 0x8629, 0x708C, 0x708C, 0x708C,
  0x3CE7, 0x3CE7, 0x3CE7, 0x2F4B, 0x2F4B, 0x2F4B, 0xFFFF, 0xFFFF, 0xFFFF, 0x1A7D, 0x1A7D, 0x1A7D,
  0x1A7D, 0x1A7D, 0x1A7D, 0x2F4B, 0x2F4B, 0x2F4B, 0xCF7B, 0xCF7B, 0xCF7B, 0xB29C, 0xB29C, 0xB29C,
  0x4149, 0x4149, 0x4149, 0x036A, 0x036A, 0x036A, 0x036A, 0x036A, 0x036A, 0x036A, 0x036A, 0x036A,
  0x68B3, 0x68B3, 0x68B3, 0xA48A, 0xA48A, 0xA48A, 0xC451, 0xC451, 0xC451, 0x0000, 0x0000, 0x0000,
  0x0000, 0x0000, 0x0000, 0x1FF8, 0x1FF8, 0x1FF8, 0x1FF8, 0x1FF8, 0x1FF8, 0x1FF8, 0x1FF8, 0x1FF8,
  0x1FF8, 0x1FF8, 0x1FF8, 0x1FF8, 0x1FF8, 0x1FF8, 0x0000, 0x0000, 0x0000, 0x036A, 0x036A, 0x036A,
  0x036A, 0x036A, 0x036A, 0x8449, 0x8449, 0x8449, 0xF7BD, 0xF7BD, 0xF7BD, 0x4000, 0x4000, 0x4000,
  0x5243, 0x5243, 0x5243, 0xFFFF, 0xFFFF, 0xFFFF, 0x5243, 0x5243, 0x5243, 0x4000, 0x4000, 0x4000,
  0x7DEF, 0x7DEF, 0x7DEF, 0x0421, 0x0421, 0x0421, 0x8629, 0x8629, 0x8629, 0x708C, 0x708C, 0x708C,
  0x3CE7, 0x3CE7, 0x3CE7, 0x2F4B, 0x2F4B, 0x2F4B, 0xFFFF, 0xFFFF, 0xFFFF, 0x1A7D, 0x1A7D, 0x1A7D,
  0x1A7D, 0x1A7D, 0x1A7D, 0x2F4B, 0x2F4B, 0x2F4B, 0xCF7B, 0xCF7B, 0xCF7B, 0xB29C, 0xB29C, 0xB29C,
  0x4149, 0x4149, 0x4149, 0x036A, 0x036A, 0x036A, 0x036A, 0x036A, 0x036A, 0x036A, 0x036A, 0x036A,
  0x68B3, 0x68B3, 0x68B3, 0xA48A, 0xA48A, 0xA48A, 0xC451, 0xC451, 0xC451, 0x0000, 0x0000, 0x0000,
  0x0000, 0x0000, 0x0000, 0x1FF8, 0x1FF8, 0x1FF8, 0x1FF8, 0x1FF8, 0x1FF8, 0x1FF8, 0x1FF8, 0x1FF8,
  0x1FF8, 0x1FF8, 0x1FF8, 0x1FF8, 0x1FF8, 0x1FF8, 0x0000, 0x0000, 0x0000, 0x036A, 0x036A, 0x036A,
  0x036A, 0x036A, 0x036A, 0x8449, 0x8449, 0x8449, 0xF7BD, 0xF7BD, 0xF7BD, 0x4000, 0x4000, 0x4000,
  0x5243, 0x5243, 0x5243, 0xFFFF, 0xFFFF, 0xFFFF, 0x5243, 0x5243, 0x5243, 0x4000, 0x4000, 0x4000,
  0x7DEF, 0x7DEF, 0x7DEF, 0x0421, 0x0421, 0x0421, 0x8629, 0x8629, 0x8629, 0x708C, 0x708C, 0x708C,
  0x3CE7, 0x3CE7, 0x3CE7, 0x2F4B, 0x2F4B, 0x2F4B, 0xFFFF, 0xFFFF, 0xFFFF, 0x1A7D, 0x1A7D, 0x1A7D,
  0x1A7D, 0x1A7D, 0x1A7D, 0x2F4B, 0x2F4B, 0x2F4B, 0xCF7B, 0xCF7B, 0xCF7B, 0xB29C, 0xB29C, 0xB29C,
  0x4149, 0x4149, 0x4149, 0x036A, 0x036A, 0x036A, 0x036A, 0x036A, 0x036A, 0x036A, 0x036A, 0x036A,
  0x68B3, 0x68B3, 0x68B3, 0xA48A, 0xA48A, 0xA48A, 0xC451, 0xC451, 0xC451, 0x0000, 0x0000, 0x0000,
  0x0000, 0x0000, 0x0000, 0x1FF8, 0x1FF8, 0x1FF8, 0x1FF8, 0x1FF8, 0x1FF8, 0x1FF8, 0x1FF8, 0x1FF8,
  0x1FF8, 0x1FF8, 0x1FF8, 0x1FF8, 0x1FF8, 0x1FF8, 0x0000, 0x0000, 0x0000, 0x0139, 0x0139, 0x0139,
  0x036A, 0x036A, 0x036A, 0x0139, 0x0139, 0x0139, 0xF7BD, 0xF7BD, 0xF7BD, 0x4000, 0x4000, 0x4000,
  0x1A7D, 0x1A7D, 0x1A7D, 0xFFFF, 0xFFFF, 0xFFFF, 0x1A7D, 0x1A7D, 0x1A7D, 0x2F4B, 0x2F4B, 0x2F4B,
  0x3CE7, 0x3CE7, 0x3CE7, 0x8208, 0x8208, 0x8208, 0x0000, 0x0000, 0x0000, 0x0421, 0x0421, 0x0421,
  0x0000, 0x0000, 0x0000, 0xF7BD, 0xF7BD, 0xF7BD, 0xF7BD, 0xF7BD, 0xF7BD, 0xCB52, 0xCB52, 0xCB52,
  0x2F4B, 0x2F4B, 0x2F4B, 0x34A5, 0x34A5, 0x34A5, 0x3CE7, 0x3CE7, 0x3CE7, 0x0000, 0x0000, 0x0000,
  0x7022, 0x7022, 0x7022, 0x0000, 0x0000, 0x0000, 0x036A, 0x036A, 0x036A, 0x036A, 0x036A, 0x036A,
  0x036A, 0x036A, 0x036A, 0x036A, 0x036A, 0x036A, 0x036A, 0x036A, 0x036A, 0x036A, 0x036A, 0x036A,
  0xC451, 0xC451, 0xC451, 0x0000, 0x0000, 0x0000, 0x0000, 0x0000, 0x0000, 0x0000, 0x0000, 0x0000,
  0x1FF8, 0x1FF8, 0x1FF8, 0x1FF8, 0x1FF8, 0x1FF8, 0x0000, 0x0000, 0x0000, 0x0139, 0x0139, 0x0139,
  0x036A, 0x036A, 0x036A, 0x0139, 0x0139, 0x0139, 0xF7BD, 0xF7BD, 0xF7BD, 0x4000, 0x4000, 0x4000,
  0x1A7D, 0x1A7D, 0x1A7D, 0xFFFF, 0xFFFF, 0xFFFF, 0x1A7D, 0x1A7D, 0x1A7D, 0x2F4B, 0x2F4B, 0x2F4B,
  0x3CE7, 0x3CE7, 0x3CE7, 0x8208, 0x8208, 0x8208, 0x0000, 0x0000, 0x0000, 0x0421, 0x0421, 0x0421,
  0x0000, 0x0000, 0x0000, 0xF7BD, 0xF7BD, 0xF7BD, 0xF7BD, 0xF7BD, 0xF7BD, 0xCB52, 0xCB52, 0xCB52,
  0x2F4B, 0x2F4B, 0x2F4B, 0x34A5, 0x34A5, 0x34A5, 0x3CE7, 0x3CE7, 0x3CE7, 0x0000, 0x0000, 0x0000,
  0x7022, 0x7022, 0x7022, 0x0000, 0x0000, 0x0000, 0x036A, 0x036A, 0x036A, 0x036A, 0x036A, 0x036A,
  0x036A, 0x036A, 0x036A, 0x036A, 0x036A, 0x036A, 0x036A, 0x036A, 0x036A, 0x036A, 0x036A, 0x036A,
  0xC451, 0xC451, 0xC451, 0x0000, 0x0000, 0x0000, 0x0000, 0x0000, 0x0000, 0x0000, 0x0000, 0x0000,
  0x1FF8, 0x1FF8, 0x1FF8, 0x1FF8, 0x1FF8, 0x1FF8, 0x0000, 0x0000, 0x0000, 0x0139, 0x0139, 0x0139,
  0x036A, 0x036A, 0x036A, 0x0139, 0x0139, 0x0139, 0xF7BD, 0xF7BD, 0xF7BD, 0x4000, 0x4000, 0x4000,
  0x1A7D, 0x1A7D, 0x1A7D, 0xFFFF, 0xFFFF, 0xFFFF, 0x1A7D, 0x1A7D, 0x1A7D, 0x2F4B, 0x2F4B, 0x2F4B,
  0x3CE7, 0x3CE7, 0x3CE7, 0x8208, 0x8208, 0x8208, 0x0000, 0x0000, 0x0000, 0x0421, 0x0421, 0x0421,
  0x0000, 0x0000, 0x0000, 0xF7BD, 0xF7BD, 0xF7BD, 0xF7BD, 0xF7BD, 0xF7BD, 0xCB52, 0xCB52, 0xCB52,
  0x2F4B, 0x2F4B, 0x2F4B, 0x34A5, 0x34A5, 0x34A5, 0x3CE7, 0x3CE7, 0x3CE7, 0x0000, 0x0000, 0x0000,
  0x7022, 0x7022, 0x7022, 0x0000, 0x0000, 0x0000, 0x036A, 0x036A, 0x036A, 0x036A, 0x036A, 0x036A,
  0x036A, 0x036A, 0x036A, 0x036A, 0x036A, 0x036A, 0x036A, 0x036A, 0x036A, 0x036A, 0x036A, 0x036A,
  0xC451, 0xC451, 0xC451, 0x0000, 0x0000, 0x0000, 0x0000, 0x0000, 0x0000, 0x0000, 0x0000, 0x0000,
  0x1FF8, 0x1FF8, 0x1FF8, 0x1FF8, 0x1FF8, 0x1FF8, 0x1FF8, 0x1FF8, 0x1FF8, 0x0000, 0x0000, 0x0000,
  0x4149, 0x4149, 0x4149, 0x0139, 0x0139, 0x0139, 0xF7BD, 0xF7BD, 0xF7BD, 0x2F4B, 0x2F4B, 0x2F4B,
  0xFFFF, 0xFFFF, 0xFFFF, 0x1A7D, 0x1A7D, 0x1A7D, 0x2F4B, 0x2F4B, 0x2F4B, 0x7DEF, 0x7DEF, 0x7DEF,
  0x708C, 0x708C, 0x708C, 0x0000, 0x0000, 0x0000, 0x0000, 0x0000, 0x0000, 0x8449, 0x8449, 0x8449,
  0x036A, 0x036A, 0x036A, 0x0000, 0x0000, 0x0000, 0x8629, 0x8629, 0x8629, 0x708C, 0x708C, 0x708C,
  0x708C, 0x708C, 0x708C, 0xB29C, 0xB29C, 0xB29C, 0x0000, 0x0000, 0x0000, 0x4721, 0x4721, 0x4721,
  0x4721, 0x4721, 0x4721, 0x7022, 0x7022, 0x7022, 0x0000, 0x0000, 0x0000, 0x036A, 0x036A, 0x036A,
  0x036A, 0x036A, 0x036A, 0x036A, 0x036A, 0x036A, 0x036A, 0x036A, 0x036A, 0x036A, 0x036A, 0x036A,
  0x036A, 0x036A, 0x036A, 0x4149, 0x4149, 0x4149, 0x8449, 0x8449, 0x8449, 0x4000, 0x4000, 0x4000,
  0x1FF8, 0x1FF8, 0x1FF8, 0x1FF8, 0x1FF8, 0x1FF8, 0x1FF8, 0x1FF8, 0x1FF8, 0x0000, 0x0000, 0x0000,
  0x4149, 0x4149, 0x4149, 0x0139, 0x0139, 0x0139, 0xF7BD, 0xF7BD, 0xF7BD, 0x2F4B, 0x2F4B, 0x2F4B,
  0xFFFF, 0xFFFF, 0xFFFF, 0x1A7D, 0x1A7D, 0x1A7D, 0x2F4B, 0x2F4B, 0x2F4B, 0x7DEF, 0x7DEF, 0x7DEF,
  0x708C, 0x708C, 0x708C, 0x0000, 0x0000, 0x0000, 0x0000, 0x0000, 0x0000, 0x8449, 0x8449, 0x8449,
  0x036A, 0x036A, 0x036A, 0x0000, 0x0000, 0x0000, 0x8629, 0x8629, 0x8629, 0x708C, 0x708C, 0x708C,
  0x708C, 0x708C, 0x708C, 0xB29C, 0xB29C, 0xB29C, 0x0000, 0x0000, 0x0000, 0x4721, 0x4721, 0x4721,
  0x4721, 0x4721, 0x4721, 0x7022, 0x7022, 0x7022, 0x0000, 0x0000, 0x0000, 0x036A, 0x036A, 0x036A,
  0x036A, 0x036A, 0x036A, 0x036A, 0x036A, 0x036A, 0x036A, 0x036A, 0x036A, 0x036A, 0x036A, 0x036A,
  0x036A, 0x036A, 0x036A, 0x4149, 0x4149, 0x4149, 0x8449, 0x8449, 0x8449, 0x4000, 0x4000, 0x4000,
  0x1FF8, 0x1FF8, 0x1FF8, 0x1FF8, 0x1FF8, 0x1FF8, 0x1FF8, 0x1FF8, 0x1FF8, 0x0000, 0x0000, 0x0000,
  0x4149, 0x4149, 0x4149, 0x0139, 0x0139, 0x0139, 0xF7BD, 0xF7BD, 0xF7BD, 0x2F4B, 0x2F4B, 0x2F4B,
  0xFFFF, 0xFFFF, 0xFFFF, 0x1A7D, 0x1A7D, 0x1A7D, 0x2F4B, 0x2F4B, 0x2F4B, 0x7DEF, 0x7DEF, 0x7DEF,
  0x708C, 0x708C, 0x708C, 0x0000, 0x0000, 0x0000, 0x0000, 0x0000, 0x0000, 0x8449, 0x8449, 0x8449,
  0x036A, 0x036A, 0x036A, 0x0000, 0x0000, 0x0000, 0x8629, 0x8629, 0x8629, 0x708C, 0x708C, 0x708C,
  0x708C, 0x708C, 0x708C, 0xB29C, 0xB29C, 0xB29C, 0x0000, 0x0000, 0x0000, 0x4721, 0x4721, 0x4721,
  0x4721, 0x4721, 0x4721, 0x7022, 0x7022, 0x7022, 0x0000, 0x0000, 0x0000, 0x036A, 0x036A, 0x036A,
  0x036A, 0x036A, 0x036A, 0x036A, 0x036A, 0x036A, 0x036A, 0x036A, 0x036A, 0x036A, 0x036A, 0x036A,
  0x036A, 0x036A, 0x036A, 0x4149, 0x4149, 0x4149, 0x8449, 0x8449, 0x8449, 0x4000, 0x4000, 0x4000,
  0x1FF8, 0x1FF8, 0x1FF8, 0x1FF8, 0x1FF8, 0x1FF8, 0x0000, 0x0000, 0x0000, 0x0000, 0x0000, 0x0000,
  0x4149, 0x4149, 0x4149, 0x0139, 0x0139, 0x0139, 0x4721, 0x4721, 0x4721, 0xF7BD, 0xF7BD, 0xF7BD,
  0x2F4B, 0x2F4B, 0x2F4B, 0x694A, 0x694A, 0x694A, 0x3CE7, 0x3CE7, 0x3CE7, 0x34A5, 0x34A5, 0x34A5,
  0x0000, 0x0000, 0x0000, 0x0000, 0x0000, 0x0000, 0x036A, 0x036A, 0x036A, 0x036A, 0x036A, 0x036A,
  0x8449, 0x8449, 0x8449, 0x0000, 0x0000, 0x0000, 0xC120, 0xC120, 0xC120, 0x8629, 0x8629, 0x8629,
  0x8629, 0x8629, 0x8629, 0x8629, 0x8629, 0x8629, 0xF742, 0xF742, 0xF742, 0x1443, 0x1443, 0x1443,
  0x0000, 0x0000, 0x0000, 0x4721, 0x4721, 0x4721, 0x7022, 0x7022, 0x7022, 0x0000, 0x0000, 0x0000,
  0x036A, 0x036A, 0x036A, 0x036A, 0x036A, 0x036A, 0x8449, 0x8449, 0x8449, 0x4149, 0x4149, 0x4149,
  0x4149, 0x4149, 0x4149, 0x4149, 0x4149, 0x4149, 0x4000, 0x4000, 0x4000, 0x1FF8, 0x1FF8, 0x1FF8,
  0x1FF8, 0x1FF8, 0x1FF8, 0x1FF8, 0x1FF8, 0x1FF8, 0x0000, 0x0000, 0x0000, 0x0000, 0x0000, 0x0000,
  0x4149, 0x4149, 0x4149, 0x0139, 0x0139, 0x0139, 0x4721, 0x4721, 0x4721, 0xF7BD, 0xF7BD, 0xF7BD,
  0x2F4B, 0x2F4B, 0x2F4B, 0x694A, 0x694A, 0x694A, 0x3CE7, 0x3CE7, 0x3CE7, 0x34A5, 0x34A5, 0x34A5,
  0x0000, 0x0000, 0x0000, 0x0000, 0x0000, 0x0000, 0x036A, 0x036A, 0x036A, 0x036A, 0x036A, 0x036A,
  0x8449, 0x8449, 0x8449, 0x0000, 0x0000, 0x0000, 0xC120, 0xC120, 0xC120, 0x8629, 0x8629, 0x8629,
  0x8629, 0x8629, 0x8629, 0x8629, 0x8629, 0x8629, 0xF742, 0xF742, 0xF742, 0x1443, 0x1443, 0x1443,
  0x0000, 0x0000, 0x0000, 0x4721, 0x4721, 0x4721, 0x7022, 0x7022, 0x7022, 0x0000, 0x0000, 0x0000,
  0x036A, 0x036A, 0x036A, 0x036A, 0x036A, 0x036A, 0x8449, 0x8449, 0x8449, 0x4149, 0x4149, 0x4149,
  0x4149, 0x4149, 0x4149, 0x4149, 0x4149, 0x4149, 0x4000, 0x4000, 0x4000, 0x1FF8, 0x1FF8, 0x1FF8,
  0x1FF8, 0x1FF8, 0x1FF8, 0x1FF8, 0x1FF8, 0x1FF8, 0x0000, 0x0000, 0x0000, 0x0000, 0x0000, 0x0000,
  0x4149, 0x4149, 0x4149, 0x0139, 0x0139, 0x0139, 0x4721, 0x4721, 0x4721, 0xF7BD, 0xF7BD, 0xF7BD,
  0x2F4B, 0x2F4B, 0x2F4B, 0x694A, 0x694A, 0x694A, 0x3CE7, 0x3CE7, 0x3CE7, 0x34A5, 0x34A5, 0x34A5,
  0x0000, 0x0000, 0x0000, 0x0000, 0x0000, 0x0000, 0x036A, 0x036A, 0x036A, 0x036A, 0x036A, 0x036A,
  0x8449, 0x8449, 0x8449, 0x0000, 0x0000, 0x0000, 0xC120, 0xC120, 0xC120, 0x8629, 0x8629, 0x8629,
  0x8629, 0x8629, 0x8629, 0x8629, 0x8629, 0x8629, 0xF742, 0xF742, 0xF742, 0x1443, 0x1443, 0x1443,
  0x0000, 0x0000, 0x0000, 0x4721, 0x4721, 0x4721, 0x7022, 0x7022, 0x7022, 0x0000, 0x0000, 0x0000,
  0x036A, 0x036A, 0x036A, 0x036A, 0x036A, 0x036A, 0x8449, 0x8449, 0x8449, 0x4149, 0x4149, 0x4149,
  0x4149, 0x4149, 0x4149, 0x4149, 0x4149, 0x4149, 0x4000, 0x4000, 0x4000, 0x1FF8, 0x1FF8, 0x1FF8,
  0x1FF8, 0x1FF8, 0x1FF8, 0x0000, 0x0000, 0x0000, 0x0139, 0x0139, 0x0139, 0x4149, 0x4149, 0x4149,
  0x036A, 0x036A, 0x036A, 0x036A, 0x036A, 0x036A, 0x8449, 0x8449, 0x8449, 0xCF7B, 0xCF7B, 0xCF7B,
  0xBAD6, 0xBAD6, 0xBAD6, 0x99D6, 0x99D6, 0x99D6, 0x8629, 0x8629, 0x8629, 0x8629, 0x8629, 0x8629,
  0x0000, 0x0000, 0x0000, 0x0000, 0x0000, 0x0000, 0x036A, 0x036A, 0x036A, 0x036A, 0x036A, 0x036A,
  0x0000, 0x0000, 0x0000, 0x4A93, 0x4A93, 0x4A93, 0xC451, 0xC451, 0xC451, 0xC120, 0xC120, 0xC120,
  0xC120, 0xC120, 0xC120, 0x0000, 0x0000, 0x0000, 0x0000, 0x0000, 0x0000, 0x7022, 0x7022, 0x7022,
  0xF742, 0xF742, 0xF742, 0x0000, 0x0000, 0x0000, 0x8208, 0x8208, 0x8208, 0x8110, 0x8110, 0x8110,
  0x4149, 0x4149, 0x4149, 0x4149, 0x4149, 0x4149, 0x4149, 0x4149, 0x4149, 0x4149, 0x4149, 0x4149,
  0x4149, 0x4149, 0x4149, 0x4000, 0x4000, 0x4000, 0x1FF8, 0x1FF8, 0x1FF8, 0x1FF8, 0x1FF8, 0x1FF8,
  0x1FF8, 0x1FF8, 0x1FF8, 0x0000, 0x0000, 0x0000, 0x0139, 0x0139, 0x0139, 0x4149, 0x4149, 0x4149,
  0x036A, 0x036A, 0x036A, 0x036A, 0x036A, 0x036A, 0x8449, 0x8449, 0x8449, 0xCF7B, 0xCF7B, 0xCF7B,
  0xBAD6, 0xBAD6, 0xBAD6, 0x99D6, 0x99D6, 0x99D6, 0x8629, 0x8629, 0x8629, 0x8629, 0x8629, 0x8629,
  0x0000, 0x0000, 0x0000, 0x0000, 0x0000, 0x0000, 0x036A, 0x036A, 0x036A, 0x036A, 0x036A, 0x036A,
  0x0000, 0x0000, 0x0000, 0x4A93, 0x4A93, 0x4A93, 0xC451, 0xC451, 0xC451, 0xC120, 0xC120, 0xC120,
  0xC120, 0xC120, 0xC120, 0x0000, 0x0000, 0x0000, 0x0000, 0x0000, 0x0000, 0x7022, 0x7022, 0x7022,
  0xF742, 0xF742, 0xF742, 0x0000, 0x0000, 0x0000, 0x8208, 0x8208, 0x8208, 0x8110, 0x8110, 0x8110,
  0x4149, 0x4149, 0x4149, 0x4149, 0x4149, 0x4149, 0x4149, 0x4149, 0x4149, 0x4149, 0x4149, 0x4149,
  0x4149, 0x4149, 0x4149, 0x4000, 0x4000, 0x4000, 0x1FF8, 0x1FF8, 0x1FF8, 0x1FF8, 0x1FF8, 0x1FF8,
  0x1FF8, 0x1FF8, 0x1FF8, 0x0000, 0x0000, 0x0000, 0x0139, 0x0139, 0x0139, 0x4149, 0x4149, 0x4149,
  0x036A, 0x036A, 0x036A, 0x036A, 0x036A, 0x036A, 0x8449, 0x8449, 0x8449, 0xCF7B, 0xCF7B, 0xCF7B,
  0xBAD6, 0xBAD6, 0xBAD6, 0x99D6, 0x99D6, 0x99D6, 0x8629, 0x8629, 0x8629, 0x8629, 0x8629, 0x8629,
  0x0000, 0x0000, 0x0000, 0x0000, 0x0000, 0x0000, 0x036A, 0x036A, 0x036A, 0x036A, 0x036A, 0x036A,
  0x0000, 0x0000, 0x0000, 0x4A93, 0x4A93, 0x4A93, 0xC451, 0xC451, 0xC451, 0xC120, 0xC120, 0xC120,
  0xC120, 0xC120, 0xC120, 0x0000, 0x0000, 0x0000, 0x0000, 0x0000, 0x0000, 0x7022, 0x7022, 0x7022,
  0xF742, 0xF742, 0xF742, 0x0000, 0x0000, 0x0000, 0x8208, 0x8208, 0x8208, 0x8110, 0x8110, 0x8110,
  0x4149, 0x4149, 0x4149, 0x4149, 0x4149, 0x4149, 0x4149, 0x4149, 0x4149, 0x4149, 0x4149, 0x4149,
  0x4149, 0x4149, 0x4149, 0x4000, 0x4000, 0x4000, 0x1FF8, 0x1FF8, 0x1FF8, 0x1FF8, 0x1FF8, 0x1FF8,
  0x0000, 0x0000, 0x0000, 0x4149, 0x4149, 0x4149, 0x4149, 0x4149, 0x4149, 0x4149, 0x4149, 0x4149,
  0x4149, 0x4149, 0x4149, 0x4149, 0x4149, 0x4149, 0x4149, 0x4149, 0x4149, 0xC318, 0xC318, 0xC318,
  0x8629, 0x8629, 0x8629, 0x8629, 0x8629, 0x8629, 0x7022, 0x7022, 0x7022, 0x0000, 0x0000, 0x0000,
  0x2572, 0x2572, 0x2572, 0x0000, 0x0000, 0x0000, 0x036A, 0x036A, 0x036A, 0x8449, 0x8449, 0x8449,
  0x0000, 0x0000, 0x0000, 0x4149, 0x4149, 0x4149, 0x4149, 0x4149, 0x4149, 0x0ADD, 0x0ADD, 0x0ADD,
  0x0ADD, 0x0ADD, 0x0ADD, 0x0ADD, 0x0ADD, 0x0ADD, 0xC120, 0xC120, 0xC120, 0x0000, 0x0000, 0x0000,
  0x0000, 0x0000, 0x0000, 0x7342, 0x7342, 0x7342, 0x0000, 0x0000, 0x0000, 0x99D6, 0x99D6, 0x99D6,
  0xC318, 0xC318, 0xC318, 0x4149, 0x4149, 0x4149, 0x4149, 0x4149, 0x4149, 0x0000, 0x0000, 0x0000,
  0x0000, 0x0000, 0x0000, 0x0000, 0x0000, 0x0000, 0x0000, 0x0000, 0x0000, 0x1FF8, 0x1FF8, 0x1FF8,
  0x0000, 0x0000, 0x0000, 0x4149, 0x4149, 0x4149, 0x4149, 0x4149, 0x4149, 0x4149, 0x4149, 0x4149,
  0x4149, 0x4149, 0x4149, 0x4149, 0x4149, 0x4149, 0x4149, 0x4149, 0x4149, 0xC318, 0xC318, 0xC318,
  0x8629, 0x8629, 0x8629, 0x8629, 0x8629, 0x8629, 0x7022, 0x7022, 0x7022, 0x0000, 0x0000, 0x0000,
  0x2572, 0x2572, 0x2572, 0x0000, 0x0000, 0x0000, 0x036A, 0x036A, 0x036A, 0x8449, 0x8449, 0x8449,
  0x0000, 0x0000, 0x0000, 0x4149, 0x4149, 0x4149, 0x4149, 0x4149, 0x4149, 0x0ADD, 0x0ADD, 0x0ADD,
  0x0ADD, 0x0ADD, 0x0ADD, 0x0ADD, 0x0ADD, 0x0ADD, 0xC120, 0xC120, 0xC120, 0x0000, 0x0000, 0x0000,
  0x0000, 0x0000, 0x0000, 0x7342, 0x7342, 0x7342, 0x0000, 0x0000, 0x0000, 0x99D6, 0x99D6, 0x99D6,
  0xC318, 0xC318, 0xC318, 0x4149, 0x4149, 0x4149, 0x4149, 0x4149, 0x4149, 0x0000, 0x0000, 0x0000,
  0x0000, 0x0000, 0x0000, 0x0000, 0x0000, 0x0000, 0x0000, 0x0000, 0x0000, 0x1FF8, 0x1FF8, 0x1FF8,
  0x0000, 0x0000, 0x0000, 0x4149, 0x4149, 0x4149, 0x4149, 0x4149, 0x4149, 0x4149, 0x4149, 0x4149,
  0x4149, 0x4149, 0x4149, 0x4149, 0x4149, 0x4149, 0x4149, 0x4149, 0x4149, 0xC318, 0xC318, 0xC318,
  0x8629, 0x8629, 0x8629, 0x8629, 0x8629, 0x8629, 0x7022, 0x7022, 0x7022, 0x0000, 0x0000, 0x0000,
  0x2572, 0x2572, 0x2572, 0x0000, 0x0000, 0x0000, 0x036A, 0x036A, 0x036A, 0x8449, 0x8449, 0x8449,
  0x0000, 0x0000, 0x0000, 0x4149, 0x4149, 0x4149, 0x4149, 0x4149, 0x4149, 0x0ADD, 0x0ADD, 0x0ADD,
  0x0ADD, 0x0ADD, 0x0ADD, 0x0ADD, 0x0ADD, 0x0ADD, 0xC120, 0xC120, 0xC120, 0x0000, 0x0000, 0x0000,
  0x0000, 0x0000, 0x0000, 0x7342, 0x7342, 0x7342, 0x0000, 0x0000, 0x0000, 0x99D6, 0x99D6, 0x99D6,
  0xC318, 0xC318, 0xC318, 0x4149, 0x4149, 0x4149, 0x4149, 0x4149, 0x4149, 0x0000, 0x0000, 0x0000,
  0x0000, 0x0000, 0x0000, 0x0000, 0x0000, 0x0000, 0x0000, 0x0000, 0x0000, 0x1FF8, 0x1FF8, 0x1FF8,
  0x0000, 0x0000, 0x0000, 0x0000, 0x0000, 0x0000, 0x0000, 0x0000, 0x0000, 0x0000, 0x0000, 0x0000,
  0x4000, 0x4000, 0x4000, 0x0000, 0x0000, 0x0000, 0x0000, 0x0000, 0x0000, 0x0000, 0x0000, 0x0000,
  0x7342, 0x7342, 0x7342, 0x7022, 0x7022, 0x7022, 0x0000, 0x0000, 0x0000, 0x867A, 0x867A, 0x867A,
  0x0000, 0x0000, 0x0000, 0x8449, 0x8449, 0x8449, 0x8449, 0x8449, 0x8449, 0x8449, 0x8449, 0x8449,
  0x4000, 0x4000, 0x4000, 0x8110, 0x8110, 0x8110, 0xAFFD, 0xAFFD, 0xAFFD, 0xAFFD, 0xAFFD, 0xAFFD,
  0xAFFD, 0xAFFD, 0xAFFD, 0xAFFD, 0xAFFD, 0xAFFD, 0xC120, 0xC120, 0xC120, 0x036A, 0x036A, 0x036A,
  0x036A, 0x036A, 0x036A, 0x0139, 0x0139, 0x0139, 0x34A5, 0x34A5, 0x34A5, 0x7DEF, 0x7DEF, 0x7DEF,
  0xBAD6, 0xBAD6, 0xBAD6, 0xC318, 0xC318, 0xC318, 0x8110, 0x8110, 0x8110, 0x036A, 0x036A, 0x036A,
  0x4149, 0x4149, 0x4149, 0x0000, 0x0000, 0x0000, 0x1FF8, 0x1FF8, 0x1FF8, 0x1FF8, 0x1FF8, 0x1FF8,
  0x0000, 0x0000, 0x0000, 0x0000, 0x0000, 0x0000, 0x0000, 0x0000, 0x0000, 0x0000, 0x0000, 0x0000,
  0x4000, 0x4000, 0x4000, 0x0000, 0x0000, 0x0000, 0x0000, 0x0000, 0x0000, 0x0000, 0x0000, 0x0000,
  0x7342, 0x7342, 0x7342, 0x7022, 0x7022, 0x7022, 0x0000, 0x0000, 0x0000, 0x867A, 0x867A, 0x867A,
  0x0000, 0x0000, 0x0000, 0x8449, 0x8449, 0x8449, 0x8449, 0x8449, 0x8449, 0x8449, 0x8449, 0x8449,
  0x4000, 0x4000, 0x4000, 0x8110, 0x8110, 0x8110, 0xAFFD, 0xAFFD, 0xAFFD, 0xAFFD, 0xAFFD, 0xAFFD,
  0xAFFD, 0xAFFD, 0xAFFD, 0xAFFD, 0xAFFD, 0xAFFD, 0xC120, 0xC120, 0xC120, 0x036A, 0x036A, 0x036A,
  0x036A, 0x036A, 0x036A, 0x0139, 0x0139, 0x0139, 0x34A5, 0x34A5, 0x34A5, 0x7DEF, 0x7DEF, 0x7DEF,
  0xBAD6, 0xBAD6, 0xBAD6, 0xC318, 0xC318, 0xC318, 0x8110, 0x8110, 0x8110, 0x036A, 0x036A, 0x036A,
  0x4149, 0x4149, 0x4149, 0x0000, 0x0000, 0x0000, 0x1FF8, 0x1FF8, 0x1FF8, 0x1FF8, 0x1FF8, 0x1FF8,
  0x0000, 0x0000, 0x0000, 0x0000, 0x0000, 0x0000, 0x0000, 0x0000, 0x0000, 0x0000, 0x0000, 0x0000,
  0x4000, 0x4000, 0x4000, 0x0000, 0x0000, 0x0000, 0x0000, 0x0000, 0x0000, 0x0000, 0x0000, 0x0000,
  0x7342, 0x7342, 0x7342, 0x7022, 0x7022, 0x7022, 0x0000, 0x0000, 0x0000, 0x867A, 0x867A, 0x867A,
  0x0000, 0x0000, 0x0000, 0x8449, 0x8449, 0x8449, 0x8449, 0x8449, 0x8449, 0x8449, 0x8449, 0x8449,
  0x4000, 0x4000, 0x4000, 0x8110, 0x8110, 0x8110, 0xAFFD, 0xAFFD, 0xAFFD, 0xAFFD, 0xAFFD, 0xAFFD,
  0xAFFD, 0xAFFD, 0xAFFD, 0xAFFD, 0xAFFD, 0xAFFD, 0xC120, 0xC120, 0xC120, 0x036A, 0x036A, 0x036A,
  0x036A, 0x036A, 0x036A, 0x0139, 0x0139, 0x0139, 0x34A5, 0x34A5, 0x34A5, 0x7DEF, 0x7DEF, 0x7DEF,
  0xBAD6, 0xBAD6, 0xBAD6, 0xC318, 0xC318, 0xC318, 0x8110, 0x8110, 0x8110, 0x036A, 0x036A, 0x036A,
  0x4149, 0x4149, 0x4149, 0x0000, 0x0000, 0x0000, 0x1FF8, 0x1FF8, 0x1FF8, 0x1FF8, 0x1FF8, 0x1FF8,
  0x1FF8, 0x1FF8, 0x1FF8, 0x1FF8, 0x1FF8, 0x1FF8, 0x1FF8, 0x1FF8, 0x1FF8, 0x1FF8, 0x1FF8, 0x1FF8,
  0x1FF8, 0x1FF8, 0x1FF8, 0x0000, 0x0000, 0x0000, 0x036A, 0x036A, 0x036A, 0x0139, 0x0139, 0x0139,
  0x7022, 0x7022, 0x7022, 0x8110, 0x8110, 0x8110, 0x0000, 0x0000, 0x0000, 0x0000, 0x0000, 0x0000,
  0x0000, 0x0000, 0x0000, 0x0000, 0x0000, 0x0000, 0x4149, 0x4149, 0x4149, 0x0000, 0x0000, 0x0000,
  0x0000, 0x0000, 0x0000, 0x0ADD, 0x0ADD, 0x0ADD, 0x0000, 0x0000, 0x0000, 0x0000, 0x0000, 0x0000,
  0x0000, 0x0000, 0x0000, 0x6ECC, 0x6ECC, 0x6ECC, 0xC120, 0xC120, 0xC120, 0xC451, 0xC451, 0xC451,
  0x4149, 0x4149, 0x4149, 0x0000, 0x0000, 0x0000, 0x99D6, 0x99D6, 0x99D6, 0x7DEF, 0x7DEF, 0x7DEF,
  0x694A, 0x694A, 0x694A, 0x7DEF, 0x7DEF, 0x7DEF, 0x99D6, 0x99D6, 0x99D6, 0x0000, 0x0000, 0x0000,
  0x0000, 0x0000, 0x0000, 0x1FF8, 0x1FF8, 0x1FF8, 0x1FF8, 0x1FF8, 0x1FF8, 0x1FF8, 0x1FF8, 0x1FF8,
  0x1FF8, 0x1FF8, 0x1FF8, 0x1FF8, 0x1FF8, 0x1FF8, 0x1FF8, 0x1FF8, 0x1FF8, 0x1FF8, 0x1FF8, 0x1FF8,
  0x1FF8, 0x1FF8, 0x1FF8, 0x0000, 0x0000, 0x0000, 0x036A, 0x036A, 0x036A, 0x0139, 0x0139, 0x0139,
  0x7022, 0x7022, 0x7022, 0x8110, 0x8110, 0x8110, 0x0000, 0x0000, 0x0000, 0x0000, 0x0000, 0x0000,
  0x0000, 0x0000, 0x0000, 0x0000, 0x0000, 0x0000, 0x4149, 0x4149, 0x4149, 0x0000, 0x0000, 0x0000,
  0x0000, 0x0000, 0x0000, 0x0ADD, 0x0ADD, 0x0ADD, 0x0000, 0x0000, 0x0000, 0x0000, 0x0000, 0x0000,
  0x0000, 0x0000, 0x0000, 0x6ECC, 0x6ECC, 0x6ECC, 0xC120, 0xC120, 0xC120, 0xC451, 0xC451, 0xC451,
  0x4149, 0x4149, 0x4149, 0x0000, 0x0000, 0x0000, 0x99D6, 0x99D6, 0x99D6, 0x7DEF, 0x7DEF, 0x7DEF,
  0x694A, 0x694A, 0x694A, 0x7DEF, 0x7DEF, 0x7DEF, 0x99D6, 0x99D6, 0x99D6, 0x0000, 0x0000, 0x0000,
  0x0000, 0x0000, 0x0000, 0x1FF8, 0x1FF8, 0x1FF8, 0x1FF8, 0x1FF8, 0x1FF8, 0x1FF8, 0x1FF8, 0x1FF8,
  0x1FF8, 0x1FF8, 0x1FF8, 0x1FF8, 0x1FF8, 0x1FF8, 0x1FF8, 0x1FF8, 0x1FF8, 0x1FF8, 0x1FF8, 0x1FF8,
  0x1FF8, 0x1FF8, 0x1FF8, 0x0000, 0x0000, 0x0000, 0x036A, 0x036A, 0x036A, 0x0139, 0x0139, 0x0139,
  0x7022, 0x7022, 0x7022, 0x8110, 0x8110, 0x8110, 0x0000, 0x0000, 0x0000, 0x0000, 0x0000, 0x0000,
  0x0000, 0x0000, 0x0000, 0x0000, 0x0000, 0x0000, 0x4149, 0x4149, 0x4149, 0x0000, 0x0000, 0x0000,
  0x0000, 0x0000, 0x0000, 0x0ADD, 0x0ADD, 0x0ADD, 0x0000, 0x0000, 0x0000, 0x0000, 0x0000, 0x0000,
  0x0000, 0x0000, 0x0000, 0x6ECC, 0x6ECC, 0x6ECC, 0xC120, 0xC120, 0xC120, 0xC451, 0xC451, 0xC451,
  0x4149, 0x4149, 0x4149, 0x0000, 0x0000, 0x0000, 0x99D6, 0x99D6, 0x99D6, 0x7DEF, 0x7DEF, 0x7DEF,
  0x694A, 0x694A, 0x694A, 0x7DEF, 0x7DEF, 0x7DEF, 0x99D6, 0x99D6, 0x99D6, 0x0000, 0x0000, 0x0000,
  0x0000, 0x0000, 0x0000, 0x1FF8, 0x1FF8, 0x1FF8, 0x1FF8, 0x1FF8, 0x1FF8, 0x1FF8, 0x1FF8, 0x1FF8,
  0x1FF8, 0x1FF8, 0x1FF8, 0x1FF8, 0x1FF8, 0x1FF8, 0x1FF8, 0x1FF8, 0x1FF8, 0x1FF8, 0x1FF8, 0x1FF8,
  0x0000, 0x0000, 0x0000, 0x8449, 0x8449, 0x8449, 0x8110, 0x8110, 0x8110, 0x0000, 0x0000, 0x0000,
  0x0000, 0x0000, 0x0000, 0x867A, 0x867A, 0x867A, 0x0ADD, 0x0ADD, 0x0ADD, 0x0ADD, 0x0ADD, 0x0ADD,
  0x0000, 0x0000, 0x0000, 0x0BAC, 0x0BAC, 0x0BAC, 0xC120, 0xC120, 0xC120, 0x867A, 0x867A, 0x867A,
  0x4A93, 0x4A93, 0x4A93, 0x0000, 0x0000, 0x0000, 0x34A5, 0x34A5, 0x34A5, 0xBAD6, 0xBAD6, 0xBAD6,
  0xC87A, 0xC87A, 0xC87A, 0x0000, 0x0000, 0x0000, 0xC120, 0xC120, 0xC120, 0x4149, 0x4149, 0x4149,
  0xC318, 0xC318, 0xC318, 0xCB52, 0xCB52, 0xCB52, 0x0000, 0x0000, 0x0000, 0x0000, 0x0000, 0x0000,
  0xF7BD, 0xF7BD, 0xF7BD, 0xBAD6, 0xBAD6, 0xBAD6, 0x694A, 0x694A, 0x694A, 0xBAD6, 0xBAD6, 0xBAD6,
  0x4000, 0x4000, 0x4000, 0x1FF8, 0x1FF8, 0x1FF8, 0x1FF8, 0x1FF8, 0x1FF8, 0x1FF8, 0x1FF8, 0x1FF8,
  0x1FF8, 0x1FF8, 0x1FF8, 0x1FF8, 0x1FF8, 0x1FF8, 0x1FF8, 0x1FF8, 0x1FF8, 0x1FF8, 0x1FF8, 0x1FF8,
  0x0000, 0x0000, 0x0000, 0x8449, 0x8449, 0x8449, 0x8110, 0x8110, 0x8110, 0x0000, 0x0000, 0x0000,
  0x0000, 0x0000, 0x0000, 0x867A, 0x867A, 0x867A, 0x0ADD, 0x0ADD, 0x0ADD, 0x0ADD, 0x0ADD, 0x0ADD,
  0x0000, 0x0000, 0x0000, 0x0BAC, 0x0BAC, 0x0BAC, 0xC120, 0xC120, 0xC120, 0x867A, 0x867A, 0x867A,
  0x4A93, 0x4A93, 0x4A93, 0x0000, 0x0000, 0x0000, 0x34A5, 0x34A5, 0x34A5, 0xBAD6, 0xBAD6, 0xBAD6,
  0xC87A, 0xC87A, 0xC87A, 0x0000, 0x0000, 0x0000, 0xC120, 0xC120, 0xC120, 0x4149, 0x4149, 0x4149,
  0xC318, 0xC318, 0xC318, 0xCB52, 0xCB52, 0xCB52, 0x0000, 0x0000, 0x0000, 0x0000, 0x0000, 0x0000,
  0xF7BD, 0xF7BD, 0xF7BD, 0xBAD6, 0xBAD6, 0xBAD6, 0x694A, 0x694A, 0x694A, 0xBAD6, 0xBAD6, 0xBAD6,
  0x4000, 0x4000, 0x4000, 0x1FF8, 0x1FF8, 0x1FF8, 0x1FF8, 0x1FF8, 0x1FF8, 0x1FF8, 0x1FF8, 0x1FF8,
  0x1FF8, 0x1FF8, 0x1FF8, 0x1FF8, 0x1FF8, 0x1FF8, 0x1FF8, 0x1FF8, 0x1FF8, 0x1FF8, 0x1FF8, 0x1FF8,
  0x0000, 0x0000, 0x0000, 0x8449, 0x8449, 0x8449, 0x8110, 0x8110, 0x8110, 0x0000, 0x0000, 0x0000,
  0x0000, 0x0000, 0x0000, 0x867A, 0x867A, 0x867A, 0x0ADD, 0x0ADD, 0x0ADD, 0x0ADD, 0x0ADD, 0x0ADD,
  0x0000, 0x0000, 0x0000, 0x0BAC, 0x0BAC, 0x0BAC, 0xC120, 0xC120, 0xC120, 0x867A, 0x867A, 0x867A,
  0x4A93, 0x4A93, 0x4A93, 0x0000, 0x0000, 0x0000, 0x34A5, 0x34A5, 0x34A5, 0xBAD6, 0xBAD6, 0xBAD6,
  0xC87A, 0xC87A, 0xC87A, 0x0000, 0x0000, 0x0000, 0xC120, 0xC120, 0xC120, 0x4149, 0x4149, 0x4149,
  0xC318, 0xC318, 0xC318, 0xCB52, 0xCB52, 0xCB52, 0x0000, 0x0000, 0x0000, 0x0000, 0x0000, 0x0000,
  0xF7BD, 0xF7BD, 0xF7BD, 0xBAD6, 0xBAD6, 0xBAD6, 0x694A, 0x694A, 0x694A, 0xBAD6, 0xBAD6, 0xBAD6,
  0x4000, 0x4000, 0x4000, 0x1FF8, 0x1FF8, 0x1FF8, 0x1FF8, 0x1FF8, 0x1FF8, 0x1FF8, 0x1FF8, 0x1FF8,
  0x1FF8, 0x1FF8, 0x1FF8, 0x1FF8, 0x1FF8, 0x1FF8, 0x1FF8, 0x1FF8, 0x1FF8, 0x1FF8, 0x1FF8, 0x1FF8,
  0x0000, 0x0000, 0x0000, 0x0000, 0x0000, 0x0000, 0x1FF8, 0x1FF8, 0x1FF8, 0x0000, 0x0000, 0x0000,
  0x0139, 0x0139, 0x0139, 0x0000, 0x0000, 0x0000, 0x0BAC, 0x0BAC, 0x0BAC, 0x0000, 0x0000, 0x0000,
  0x0000, 0x0000, 0x0000, 0x6ECC, 0x6ECC, 0x6ECC, 0x0000, 0x0000, 0x0000, 0x0ADD, 0x0ADD, 0x0ADD,
  0xAFFD, 0xAFFD, 0xAFFD, 0x99D6, 0x99D6, 0x99D6, 0x4149, 0x4149, 0x4149, 0x4149, 0x4149, 0x4149,
  0xBAD6, 0xBAD6, 0xBAD6, 0xC318, 0xC318, 0xC318, 0xE892, 0xE892, 0xE892, 0x4149, 0x4149, 0x4149,
  0xC318, 0xC318, 0xC318, 0xBAD6, 0xBAD6, 0xBAD6, 0x7DEF, 0x7DEF, 0x7DEF, 0xCB52, 0xCB52, 0xCB52,
  0x0000, 0x0000, 0x0000, 0x0000, 0x0000, 0x0000, 0x7DEF, 0x7DEF, 0x7DEF, 0xBAD6, 0xBAD6, 0xBAD6,
  0x0000, 0x0000, 0x0000, 0x1FF8, 0x1FF8, 0x1FF8, 0x1FF8, 0x1FF8, 0x1FF8, 0x1FF8, 0x1FF8, 0x1FF8,
  0x1FF8, 0x1FF8, 0x1FF8, 0x1FF8, 0x1FF8, 0x1FF8, 0x1FF8, 0x1FF8, 0x1FF8, 0x1FF8, 0x1FF8, 0x1FF8,
  0x0000, 0x0000, 0x0000, 0x0000, 0x0000, 0x0000, 0x1FF8, 0x1FF8, 0x1FF8, 0x0000, 0x0000, 0x0000,
  0x0139, 0x0139, 0x0139, 0x0000, 0x0000, 0x0000, 0x0BAC, 0x0BAC, 0x0BAC, 0x0000, 0x0000, 0x0000,
  0x0000, 0x0000, 0x0000, 0x6ECC, 0x6ECC, 0x6ECC, 0x0000, 0x0000, 0x0000, 0x0ADD, 0x0ADD, 0x0ADD,
  0xAFFD, 0xAFFD, 0xAFFD, 0x99D6, 0x99D6, 0x99D6, 0x4149, 0x4149, 0x4149, 0x4149, 0x4149, 0x4149,
  0xBAD6, 0xBAD6, 0xBAD6, 0xC318, 0xC318, 0xC318, 0xE892, 0xE892, 0xE892, 0x4149, 0x4149, 0x4149,
  0xC318, 0xC318, 0xC318, 0xBAD6, 0xBAD6, 0xBAD6, 0x7DEF, 0x7DEF, 0x7DEF, 0xCB52, 0xCB52, 0xCB52,
  0x0000, 0x0000, 0x0000, 0x0000, 0x0000, 0x0000, 0x7DEF, 0x7DEF, 0x7DEF, 0xBAD6, 0xBAD6, 0xBAD6,
  0x0000, 0x0000, 0x0000, 0x1FF8, 0x1FF8, 0x1FF8, 0x1FF8, 0x1FF8, 0x1FF8, 0x1FF8, 0x1FF8, 0x1FF8,
  0x1FF8, 0x1FF8, 0x1FF8, 0x1FF8, 0x1FF8, 0x1FF8, 0x1FF8, 0x1FF8, 0x1FF8, 0x1FF8, 0x1FF8, 0x1FF8,
  0x0000, 0x0000, 0x0000, 0x0000, 0x0000, 0x0000, 0x1FF8, 0x1FF8, 0x1FF8, 0x0000, 0x0000, 0x0000,
  0x0139, 0x0139, 0x0139, 0x0000, 0x0000, 0x0000, 0x0BAC, 0x0BAC, 0x0BAC, 0x0000, 0x0000, 0x0000,
  0x0000, 0x0000, 0x0000, 0x6ECC, 0x6ECC, 0x6ECC, 0x0000, 0x0000, 0x0000, 0x0ADD, 0x0ADD, 0x0ADD,
  0xAFFD, 0xAFFD, 0xAFFD, 0x99D6, 0x99D6, 0x99D6, 0x4149, 0x4149, 0x4149, 0x4149, 0x4149, 0x4149,
  0xBAD6, 0xBAD6, 0xBAD6, 0xC318, 0xC318, 0xC318, 0xE892, 0xE892, 0xE892, 0x4149, 0x4149, 0x4149,
  0xC318, 0xC318, 0xC318, 0xBAD6, 0xBAD6, 0xBAD6, 0x7DEF, 0x7DEF, 0x7DEF, 0xCB52, 0xCB52, 0xCB52,
  0x0000, 0x0000, 0x0000, 0x0000, 0x0000, 0x0000, 0x7DEF, 0x7DEF, 0x7DEF, 0xBAD6, 0xBAD6, 0xBAD6,
  0x0000, 0x0000, 0x0000, 0x1FF8, 0x1FF8, 0x1FF8, 0x1FF8, 0x1FF8, 0x1FF8, 0x1FF8, 0x1FF8, 0x1FF8,
  0x1FF8, 0x1FF8, 0x1FF8, 0x1FF8, 0x1FF8, 0x1FF8, 0x1FF8, 0x1FF8, 0x1FF8, 0x1FF8, 0x1FF8, 0x1FF8,
  0x0000, 0x0000, 0x0000, 0x1FF8, 0x1FF8, 0x1FF8, 0x1FF8, 0x1FF8, 0x1FF8, 0x0000, 0x0000, 0x0000,
  0x4149, 0x4149, 0x4149, 0x0000, 0x0000, 0x0000, 0xC87A, 0xC87A, 0xC87A, 0x34A5, 0x34A5, 0x34A5,
  0x4149, 0x4149, 0x4149, 0xBAD6, 0xBAD6, 0xBAD6, 0xAFFD, 0xAFFD, 0xAFFD, 0xAFFD, 0xAFFD, 0xAFFD,
  0xAFFD, 0xAFFD, 0xAFFD, 0xBAD6, 0xBAD6, 0xBAD6, 0xC451, 0xC451, 0xC451, 0x4149, 0x4149, 0x4149,
  0xBAD6, 0xBAD6, 0xBAD6, 0xAFFD, 0xAFFD, 0xAFFD, 0xAFFD, 0xAFFD, 0xAFFD, 0x0000, 0x0000, 0x0000,
  0x4A93, 0x4A93, 0x4A93, 0xC318, 0xC318, 0xC318, 0x3CE7, 0x3CE7, 0x3CE7, 0x7DEF, 0x7DEF, 0x7DEF,
  0xF7BD, 0xF7BD, 0xF7BD, 0x0000, 0x0000, 0x0000, 0x99D6, 0x99D6, 0x99D6, 0x694A, 0x694A, 0x694A,
  0x0000, 0x0000, 0x0000, 0x1FF8, 0x1FF8, 0x1FF8, 0x1FF8, 0x1FF8, 0x1FF8, 0x1FF8, 0x1FF8, 0x1FF8,
  0x1FF8, 0x1FF8, 0x1FF8, 0x1FF8, 0x1FF8, 0x1FF8, 0x1FF8, 0x1FF8, 0x1FF8, 0x1FF8, 0x1FF8, 0x1FF8,
  0x0000, 0x0000, 0x0000, 0x1FF8, 0x1FF8, 0x1FF8, 0x1FF8, 0x1FF8, 0x1FF8, 0x0000, 0x0000, 0x0000,
  0x4149, 0x4149, 0x4149, 0x0000, 0x0000, 0x0000, 0xC87A, 0xC87A, 0xC87A, 0x34A5, 0x34A5, 0x34A5,
  0x4149, 0x4149, 0x4149, 0xBAD6, 0xBAD6, 0xBAD6, 0xAFFD, 0xAFFD, 0xAFFD, 0xAFFD, 0xAFFD, 0xAFFD,
  0xAFFD, 0xAFFD, 0xAFFD, 0xBAD6, 0xBAD6, 0xBAD6, 0xC451, 0xC451, 0xC451, 0x4149, 0x4149, 0x4149,
  0xBAD6, 0xBAD6, 0xBAD6, 0xAFFD, 0xAFFD, 0xAFFD, 0xAFFD, 0xAFFD, 0xAFFD, 0x0000, 0x0000, 0x0000,
  0x4A93, 0x4A93, 0x4A93, 0xC318, 0xC318, 0xC318, 0x3CE7, 0x3CE7, 0x3CE7, 0x7DEF, 0x7DEF, 0x7DEF,
  0xF7BD, 0xF7BD, 0xF7BD, 0x0000, 0x0000, 0x0000, 0x99D6, 0x99D6, 0x99D6, 0x694A, 0x694A, 0x694A,
  0x0000, 0x0000, 0x0000, 0x1FF8, 0x1FF8, 0x1FF8, 0x1FF8, 0x1FF8, 0x1FF8, 0x1FF8, 0x1FF8, 0x1FF8,
  0x1FF8, 0x1FF8, 0x1FF8, 0x1FF8, 0x1FF8, 0x1FF8, 0x1FF8, 0x1FF8, 0x1FF8, 0x1FF8, 0x1FF8, 0x1FF8,
  0x0000, 0x0000, 0x0000, 0x1FF8, 0x1FF8, 0x1FF8, 0x1FF8, 0x1FF8, 0x1FF8, 0x0000, 0x0000, 0x0000,
  0x4149, 0x4149, 0x4149, 0x0000, 0x0000, 0x0000, 0xC87A, 0xC87A, 0xC87A, 0x34A5, 0x34A5, 0x34A5,
  0x4149, 0x4149, 0x4149, 0xBAD6, 0xBAD6, 0xBAD6, 0xAFFD, 0xAFFD, 0xAFFD, 0xAFFD, 0xAFFD, 0xAFFD,
  0xAFFD, 0xAFFD, 0xAFFD, 0xBAD6, 0xBAD6, 0xBAD6, 0xC451, 0xC451, 0xC451, 0x4149, 0x4149, 0x4149,
  0xBAD6, 0xBAD6, 0xBAD6, 0xAFFD, 0xAFFD, 0xAFFD, 0xAFFD, 0xAFFD, 0xAFFD, 0x0000, 0x0000, 0x0000,
  0x4A93, 0x4A93, 0x4A93, 0xC318, 0xC318, 0xC318, 0x3CE7, 0x3CE7, 0x3CE7, 0x7DEF, 0x7DEF, 0x7DEF,
  0xF7BD, 0xF7BD, 0xF7BD, 0x0000, 0x0000, 0x0000, 0x99D6, 0x99D6, 0x99D6, 0x694A, 0x694A, 0x694A,
  0x0000, 0x0000, 0x0000, 0x1FF8, 0x1FF8, 0x1FF8, 0x1FF8, 0x1FF8, 0x1FF8, 0x1FF8, 0x1FF8, 0x1FF8,
  0x1FF8, 0x1FF8, 0x1FF8, 0x1FF8, 0x1FF8, 0x1FF8, 0x1FF8, 0x1FF8, 0x1FF8, 0x1FF8, 0x1FF8, 0x1FF8,
  0x1FF8, 0x1FF8, 0x1FF8, 0x1FF8, 0x1FF8, 0x1FF8, 0x1FF8, 0x1FF8, 0x1FF8, 0x0000, 0x0000, 0x0000,
  0x0000, 0x0000, 0x0000, 0x4149, 0x4149, 0x4149, 0x0000, 0x0000, 0x0000, 0xB7F6, 0xB7F6, 0xB7F6,
  0x4149, 0x4149, 0x4149, 0xC451, 0xC451, 0xC451, 0xAFFD, 0xAFFD, 0xAFFD, 0xAFFD, 0xAFFD, 0xAFFD,
  0xAFFD, 0xAFFD, 0xAFFD, 0xBAD6, 0xBAD6, 0xBAD6, 0xC451, 0xC451, 0xC451, 0xC451, 0xC451, 0xC451,
  0xBAD6, 0xBAD6, 0xBAD6, 0xAFFD, 0xAFFD, 0xAFFD, 0xAFFD, 0xAFFD, 0xAFFD, 0xE892, 0xE892, 0xE892,
  0xC318, 0xC318, 0xC318, 0x8629, 0x8629, 0x8629, 0x0000, 0x0000, 0x0000, 0x0000, 0x0000, 0x0000,
  0x0000, 0x0000, 0x0000, 0x8629, 0x8629, 0x8629, 0x0000, 0x0000, 0x0000, 0xF7BD, 0xF7BD, 0xF7BD,
  0x0000, 0x0000, 0x0000, 0x1FF8, 0x1FF8, 0x1FF8, 0x1FF8, 0x1FF8, 0x1FF8, 0x1FF8, 0x1FF8, 0x1FF8,
  0x1FF8, 0x1FF8, 0x1FF8, 0x1FF8, 0x1FF8, 0x1FF8, 0x1FF8, 0x1FF8, 0x1FF8, 0x1FF8, 0x1FF8, 0x1FF8,
  0x1FF8, 0x1FF8, 0x1FF8, 0x1FF8, 0x1FF8, 0x1FF8, 0x1FF8, 0x1FF8, 0x1FF8, 0x0000, 0x0000, 0x0000,
  0x0000, 0x0000, 0x0000, 0x4149, 0x4149, 0x4149, 0x0000, 0x0000, 0x0000, 0xB7F6, 0xB7F6, 0xB7F6,
  0x4149, 0x4149, 0x4149, 0xC451, 0xC451, 0xC451, 0xAFFD, 0xAFFD, 0xAFFD, 0xAFFD, 0xAFFD, 0xAFFD,
  0xAFFD, 0xAFFD, 0xAFFD, 0xBAD6, 0xBAD6, 0xBAD6, 0xC451, 0xC451, 0xC451, 0xC451, 0xC451, 0xC451,
  0xBAD6, 0xBAD6, 0xBAD6, 0xAFFD, 0xAFFD, 0xAFFD, 0xAFFD, 0xAFFD, 0xAFFD, 0xE892, 0xE892, 0xE892,
  0xC318, 0xC318, 0xC318, 0x8629, 0x8629, 0x8629, 0x0000, 0x0000, 0x0000, 0x0000, 0x0000, 0x0000,
  0x0000, 0x0000, 0x0000, 0x8629, 0x8629, 0x8629, 0x0000, 0x0000, 0x0000, 0xF7BD, 0xF7BD, 0xF7BD,
  0x0000, 0x0000, 0x0000, 0x1FF8, 0x1FF8, 0x1FF8, 0x1FF8, 0x1FF8, 0x1FF8, 0x1FF8, 0x1FF8, 0x1FF8,
  0x1FF8, 0x1FF8, 0x1FF8, 0x1FF8, 0x1FF8, 0x1FF8, 0x1FF8, 0x1FF8, 0x1FF8, 0x1FF8, 0x1FF8, 0x1FF8,
  0x1FF8, 0x1FF8, 0x1FF8, 0x1FF8, 0x1FF8, 0x1FF8, 0x1FF8, 0x1FF8, 0x1FF8, 0x0000, 0x0000, 0x0000,
  0x0000, 0x0000, 0x0000, 0x4149, 0x4149, 0x4149, 0x0000, 0x0000, 0x0000, 0xB7F6, 0xB7F6, 0xB7F6,
  0x4149, 0x4149, 0x4149, 0xC451, 0xC451, 0xC451, 0xAFFD, 0xAFFD, 0xAFFD, 0xAFFD, 0xAFFD, 0xAFFD,
  0xAFFD, 0xAFFD, 0xAFFD, 0xBAD6, 0xBAD6, 0xBAD6, 0xC451, 0xC451, 0xC451, 0xC451, 0xC451, 0xC451,
  0xBAD6, 0xBAD6, 0xBAD6, 0xAFFD, 0xAFFD, 0xAFFD, 0xAFFD, 0xAFFD, 0xAFFD, 0xE892, 0xE892, 0xE892,
  0xC318, 0xC318, 0xC318, 0x8629, 0x8629, 0x8629, 0x0000, 0x0000, 0x0000, 0x0000, 0x0000, 0x0000,
  0x0000, 0x0000, 0x0000, 0x8629, 0x8629, 0x8629, 0x0000, 0x0000, 0x0000, 0xF7BD, 0xF7BD, 0xF7BD,
  0x0000, 0x0000, 0x0000, 0x1FF8, 0x1FF8, 0x1FF8, 0x1FF8, 0x1FF8, 0x1FF8, 0x1FF8, 0x1FF8, 0x1FF8,
  0x1FF8, 0x1FF8, 0x1FF8, 0x1FF8, 0x1FF8, 0x1FF8, 0x1FF8, 0x1FF8, 0x1FF8, 0x1FF8, 0x1FF8, 0x1FF8,
  0x1FF8, 0x1FF8, 0x1FF8, 0x1FF8, 0x1FF8, 0x1FF8, 0x1FF8, 0x1FF8, 0x1FF8, 0x0000, 0x0000, 0x0000,
  0x1FF8, 0x1FF8, 0x1FF8, 0x4149, 0x4149, 0x4149, 0x0000, 0x0000, 0x0000, 0xBAD6, 0xBAD6, 0xBAD6,
  0x34A5, 0x34A5, 0x34A5, 0xC451, 0xC451, 0xC451, 0xAFFD, 0xAFFD, 0xAFFD, 0xAFFD, 0xAFFD, 0xAFFD,
  0xAFFD, 0xAFFD, 0xAFFD, 0xAFFD, 0xAFFD, 0xAFFD, 0x0BAC, 0x0BAC, 0x0BAC, 0x0ADD, 0x0ADD, 0x0ADD,
  0xAFFD, 0xAFFD, 0xAFFD, 0xAFFD, 0xAFFD, 0xAFFD, 0xAFFD, 0xAFFD, 0xAFFD, 0x0ADD, 0x0ADD, 0x0ADD,
  0x0000, 0x0000, 0x0000, 0x3CE7, 0x3CE7, 0x3CE7, 0x7DEF, 0x7DEF, 0x7DEF, 0x34A5, 0x34A5, 0x34A5,
  0x34A5, 0x34A5, 0x34A5, 0x3CE7, 0x3CE7, 0x3CE7, 0xCB52, 0xCB52, 0xCB52, 0x0000, 0x0000, 0x0000,
  0x1FF8, 0x1FF8, 0x1FF8, 0x1FF8, 0x1FF8, 0x1FF8, 0x1FF8, 0x1FF8, 0x1FF8, 0x1FF8, 0x1FF8, 0x1FF8,
  0x1FF8, 0x1FF8, 0x1FF8, 0x1FF8, 0x1FF8, 0x1FF8, 0x1FF8, 0x1FF8, 0x1FF8, 0x1FF8, 0x1FF8, 0x1FF8,
  0x1FF8, 0x1FF8, 0x1FF8, 0x1FF8, 0x1FF8, 0x1FF8, 0x1FF8, 0x1FF8, 0x1FF8, 0x0000, 0x0000, 0x0000,
  0x1FF8, 0x1FF8, 0x1FF8, 0x4149, 0x4149, 0x4149, 0x0000, 0x0000, 0x0000, 0xBAD6, 0xBAD6, 0xBAD6,
  0x34A5, 0x34A5, 0x34A5, 0xC451, 0xC451, 0xC451, 0xAFFD, 0xAFFD, 0xAFFD, 0xAFFD, 0xAFFD, 0xAFFD,
  0xAFFD, 0xAFFD, 0xAFFD, 0xAFFD, 0xAFFD, 0xAFFD, 0x0BAC, 0x0BAC, 0x0BAC, 0x0ADD, 0x0ADD, 0x0ADD,
  0xAFFD, 0xAFFD, 0xAFFD, 0xAFFD, 0xAFFD, 0xAFFD, 0xAFFD, 0xAFFD, 0xAFFD, 0x0ADD, 0x0ADD, 0x0ADD,
  0x0000, 0x0000, 0x0000, 0x3CE7, 0x3CE7, 0x3CE7, 0x7DEF, 0x7DEF, 0x7DEF, 0x34A5, 0x34A5, 0x34A5,
  0x34A5, 0x34A5, 0x34A5, 0x3CE7, 0x3CE7, 0x3CE7, 0xCB52, 0xCB52, 0xCB52, 0x0000, 0x0000, 0x0000,
  0x1FF8, 0x1FF8, 0x1FF8, 0x1FF8, 0x1FF8, 0x1FF8, 0x1FF8, 0x1FF8, 0x1FF8, 0x1FF8, 0x1FF8, 0x1FF8,
  0x1FF8, 0x1FF8, 0x1FF8, 0x1FF8, 0x1FF8, 0x1FF8, 0x1FF8, 0x1FF8, 0x1FF8, 0x1FF8, 0x1FF8, 0x1FF8,
  0x1FF8, 0x1FF8, 0x1FF8, 0x1FF8, 0x1FF8, 0x1FF8, 0x1FF8, 0x1FF8, 0x1FF8, 0x0000, 0x0000, 0x0000,
  0x1FF8, 0x1FF8, 0x1FF8, 0x4149, 0x4149, 0x4149, 0x0000, 0x0000, 0x0000, 0xBAD6, 0xBAD6, 0xBAD6,
  0x34A5, 0x34A5, 0x34A5, 0xC451, 0xC451, 0xC451, 0xAFFD, 0xAFFD, 0xAFFD, 0xAFFD, 0xAFFD, 0xAFFD,
  0xAFFD, 0xAFFD, 0xAFFD, 0xAFFD, 0xAFFD, 0xAFFD, 0x0BAC, 0x0BAC, 0x0BAC, 0x0ADD, 0x0ADD, 0x0ADD,
  0xAFFD, 0xAFFD, 0xAFFD, 0xAFFD, 0xAFFD, 0xAFFD, 0xAFFD, 0xAFFD, 0xAFFD, 0x0ADD, 0x0ADD, 0x0ADD,
  0x0000, 0x0000, 0x0000, 0x3CE7, 0x3CE7, 0x3CE7, 0x7DEF, 0x7DEF, 0x7DEF, 0x34A5, 0x34A5, 0x34A5,
  0x34A5, 0x34A5, 0x34A5, 0x3CE7, 0x3CE7, 0x3CE7, 0xCB52, 0xCB52, 0xCB52, 0x0000, 0x0000, 0x0000,
  0x1FF8, 0x1FF8, 0x1FF8, 0x1FF8, 0x1FF8, 0x1FF8, 0x1FF8, 0x1FF8, 0x1FF8, 0x1FF8, 0x1FF8, 0x1FF8,
  0x1FF8, 0x1FF8, 0x1FF8, 0x1FF8, 0x1FF8, 0x1FF8, 0x1FF8, 0x1FF8, 0x1FF8, 0x1FF8, 0x1FF8, 0x1FF8,
  0x1FF8, 0x1FF8, 0x1FF8, 0x1FF8, 0x1FF8, 0x1FF8, 0x1FF8, 0x1FF8, 0x1FF8, 0x1FF8, 0x1FF8, 0x1FF8,
  0x1FF8, 0x1FF8, 0x1FF8, 0x0000, 0x0000, 0x0000, 0x4149, 0x4149, 0x4149, 0x0BAC, 0x0BAC, 0x0BAC,
  0xAFFD, 0xAFFD, 0xAFFD, 0xAFFD, 0xAFFD, 0xAFFD, 0x4A93, 0x4A93, 0x4A93, 0xAFFD, 0xAFFD, 0xAFFD,
  0x0ADD, 0x0ADD, 0x0ADD, 0x8629, 0x8629, 0x8629, 0xC318, 0xC318, 0xC318, 0xC318, 0xC318, 0xC318,
  0xAFFD, 0xAFFD, 0xAFFD, 0xAFFD, 0xAFFD, 0xAFFD, 0xAFFD, 0xAFFD, 0xAFFD, 0x0139, 0x0139, 0x0139,
  0x4000, 0x4000, 0x4000, 0x0000, 0x0000, 0x0000, 0x7DEF, 0x7DEF, 0x7DEF, 0x7DEF, 0x7DEF, 0x7DEF,
  0xF7BD, 0xF7BD, 0xF7BD, 0x694A, 0x694A, 0x694A, 0x0000, 0x0000, 0x0000, 0x1FF8, 0x1FF8, 0x1FF8,
  0x1FF8, 0x1FF8, 0x1FF8, 0x1FF8, 0x1FF8, 0x1FF8, 0x1FF8, 0x1FF8, 0x1FF8, 0x1FF8, 0x1FF8, 0x1FF8,
  0x1FF8, 0x1FF8, 0x1FF8, 0x1FF8, 0x1FF8, 0x1FF8, 0x1FF8, 0x1FF8, 0x1FF8, 0x1FF8, 0x1FF8, 0x1FF8,
  0x1FF8, 0x1FF8, 0x1FF8, 0x1FF8, 0x1FF8, 0x1FF8, 0x1FF8, 0x1FF8, 0x1FF8, 0x1FF8, 0x1FF8, 0x1FF8,
  0x1FF8, 0x1FF8, 0x1FF8, 0x0000, 0x0000, 0x0000, 0x4149, 0x4149, 0x4149, 0x0BAC, 0x0BAC, 0x0BAC,
  0xAFFD, 0xAFFD, 0xAFFD, 0xAFFD, 0xAFFD, 0xAFFD, 0x4A93, 0x4A93, 0x4A93, 0xAFFD, 0xAFFD, 0xAFFD,
  0x0ADD, 0x0ADD, 0x0ADD, 0x8629, 0x8629, 0x8629, 0xC318, 0xC318, 0xC318, 0xC318, 0xC318, 0xC318,
  0xAFFD, 0xAFFD, 0xAFFD, 0xAFFD, 0xAFFD, 0xAFFD, 0xAFFD, 0xAFFD, 0xAFFD, 0x0139, 0x0139, 0x0139,
  0x4000, 0x4000, 0x4000, 0x0000, 0x0000, 0x0000, 0x7DEF, 0x7DEF, 0x7DEF, 0x7DEF, 0x7DEF, 0x7DEF,
  0xF7BD, 0xF7BD, 0xF7BD, 0x694A, 0x694A, 0x694A, 0x0000, 0x0000, 0x0000, 0x1FF8, 0x1FF8, 0x1FF8,
  0x1FF8, 0x1FF8, 0x1FF8, 0x1FF8, 0x1FF8, 0x1FF8, 0x1FF8, 0x1FF8, 0x1FF8, 0x1FF8, 0x1FF8, 0x1FF8,
  0x1FF8, 0x1FF8, 0x1FF8, 0x1FF8, 0x1FF8, 0x1FF8, 0x1FF8, 0x1FF8, 0x1FF8, 0x1FF8, 0x1FF8, 0x1FF8,
  0x1FF8, 0x1FF8, 0x1FF8, 0x1FF8, 0x1FF8, 0x1FF8, 0x1FF8, 0x1FF8, 0x1FF8, 0x1FF8, 0x1FF8, 0x1FF8,
  0x1FF8, 0x1FF8, 0x1FF8, 0x0000, 0x0000, 0x0000, 0x4149, 0x4149, 0x4149, 0x0BAC, 0x0BAC, 0x0BAC,
  0xAFFD, 0xAFFD, 0xAFFD, 0xAFFD, 0xAFFD, 0xAFFD, 0x4A93, 0x4A93, 0x4A93, 0xAFFD, 0xAFFD, 0xAFFD,
  0x0ADD, 0x0ADD, 0x0ADD, 0x8629, 0x8629, 0x8629, 0xC318, 0xC318, 0xC318, 0xC318, 0xC318, 0xC318,
  0xAFFD, 0xAFFD, 0xAFFD, 0xAFFD, 0xAFFD, 0xAFFD, 0xAFFD, 0xAFFD, 0xAFFD, 0x0139, 0x0139, 0x0139,
  0x4000, 0x4000, 0x4000, 0x0000, 0x0000, 0x0000, 0x7DEF, 0x7DEF, 0x7DEF, 0x7DEF, 0x7DEF, 0x7DEF,
  0xF7BD, 0xF7BD, 0xF7BD, 0x694A, 0x694A, 0x694A, 0x0000, 0x0000, 0x0000, 0x1FF8, 0x1FF8, 0x1FF8,
  0x1FF8, 0x1FF8, 0x1FF8, 0x1FF8, 0x1FF8, 0x1FF8, 0x1FF8, 0x1FF8, 0x1FF8, 0x1FF8, 0x1FF8, 0x1FF8,
  0x1FF8, 0x1FF8, 0x1FF8, 0x1FF8, 0x1FF8, 0x1FF8, 0x1FF8, 0x1FF8, 0x1FF8, 0x1FF8, 0x1FF8, 0x1FF8,
  0x1FF8, 0x1FF8, 0x1FF8, 0x1FF8, 0x1FF8, 0x1FF8, 0x1FF8, 0x1FF8, 0x1FF8, 0x1FF8, 0x1FF8, 0x1FF8,
  0x1FF8, 0x1FF8, 0x1FF8, 0x1FF8, 0x1FF8, 0x1FF8, 0x0000, 0x0000, 0x0000, 0x0000, 0x0000, 0x0000,
  0x0BAC, 0x0BAC, 0x0BAC, 0xAFFD, 0xAFFD, 0xAFFD, 0xC318, 0xC318, 0xC318, 0x0000, 0x0000, 0x0000,
  0x2572, 0x2572, 0x2572, 0xCFA3, 0xCFA3, 0xCFA3, 0xCFA3, 0xCFA3, 0xCFA3, 0xC318, 0xC318, 0xC318,
  0xAFFD, 0xAFFD, 0xAFFD, 0x0ADD, 0x0ADD, 0x0ADD, 0x0000, 0x0000, 0x0000, 0x8449, 0x8449, 0x8449,
  0xE892, 0xE892, 0xE892, 0x8629, 0x8629, 0x8629, 0xC318, 0xC318, 0xC318, 0x3CE7, 0x3CE7, 0x3CE7,
  0x7DEF, 0x7DEF, 0x7DEF, 0xBAD6, 0xBAD6, 0xBAD6, 0xC318, 0xC318, 0xC318, 0x1FF8, 0x1FF8, 0x1FF8,
  0x1FF8, 0x1FF8, 0x1FF8, 0x1FF8, 0x1FF8, 0x1FF8, 0x1FF8, 0x1FF8, 0x1FF8, 0x1FF8, 0x1FF8, 0x1FF8,
  0x1FF8, 0x1FF8, 0x1FF8, 0x1FF8, 0x1FF8, 0x1FF8, 0x1FF8, 0x1FF8, 0x1FF8, 0x1FF8, 0x1FF8, 0x1FF8,
  0x1FF8, 0x1FF8, 0x1FF8, 0x1FF8, 0x1FF8, 0x1FF8, 0x1FF8, 0x1FF8, 0x1FF8, 0x1FF8, 0x1FF8, 0x1FF8,
  0x1FF8, 0x1FF8, 0x1FF8, 0x1FF8, 0x1FF8, 0x1FF8, 0x0000, 0x0000, 0x0000, 0x0000, 0x0000, 0x0000,
  0x0BAC, 0x0BAC, 0x0BAC, 0xAFFD, 0xAFFD, 0xAFFD, 0xC318, 0xC318, 0xC318, 0x0000, 0x0000, 0x0000,
  0x2572, 0x2572, 0x2572, 0xCFA3, 0xCFA3, 0xCFA3, 0xCFA3, 0xCFA3, 0xCFA3, 0xC318, 0xC318, 0xC318,
  0xAFFD, 0xAFFD, 0xAFFD, 0x0ADD, 0x0ADD, 0x0ADD, 0x0000, 0x0000, 0x0000, 0x8449, 0x8449, 0x8449,
  0xE892, 0xE892, 0xE892, 0x8629, 0x8629, 0x8629, 0xC318, 0xC318, 0xC318, 0x3CE7, 0x3CE7, 0x3CE7,
  0x7DEF, 0x7DEF, 0x7DEF, 0xBAD6, 0xBAD6, 0xBAD6, 0xC318, 0xC318, 0xC318, 0x1FF8, 0x1FF8, 0x1FF8,
  0x1FF8, 0x1FF8, 0x1FF8, 0x1FF8, 0x1FF8, 0x1FF8, 0x1FF8, 0x1FF8, 0x1FF8, 0x1FF8, 0x1FF8, 0x1FF8,
  0x1FF8, 0x1FF8, 0x1FF8, 0x1FF8, 0x1FF8, 0x1FF8, 0x1FF8, 0x1FF8, 0x1FF8, 0x1FF8, 0x1FF8, 0x1FF8,
  0x1FF8, 0x1FF8, 0x1FF8, 0x1FF8, 0x1FF8, 0x1FF8, 0x1FF8, 0x1FF8, 0x1FF8, 0x1FF8, 0x1FF8, 0x1FF8,
  0x1FF8, 0x1FF8, 0x1FF8, 0x1FF8, 0x1FF8, 0x1FF8, 0x0000, 0x0000, 0x0000, 0x0000, 0x0000, 0x0000,
  0x0BAC, 0x0BAC, 0x0BAC, 0xAFFD, 0xAFFD, 0xAFFD, 0xC318, 0xC318, 0xC318, 0x0000, 0x0000, 0x0000,
  0x2572, 0x2572, 0x2572, 0xCFA3, 0xCFA3, 0xCFA3, 0xCFA3, 0xCFA3, 0xCFA3, 0xC318, 0xC318, 0xC318,
  0xAFFD, 0xAFFD, 0xAFFD, 0x0ADD, 0x0ADD, 0x0ADD, 0x0000, 0x0000, 0x0000, 0x8449, 0x8449, 0x8449,
  0xE892, 0xE892, 0xE892, 0x8629, 0x8629, 0x8629, 0xC318, 0xC318, 0xC318, 0x3CE7, 0x3CE7, 0x3CE7,
  0x7DEF, 0x7DEF, 0x7DEF, 0xBAD6, 0xBAD6, 0xBAD6, 0xC318, 0xC318, 0xC318, 0x1FF8, 0x1FF8, 0x1FF8,
  0x1FF8, 0x1FF8, 0x1FF8, 0x1FF8, 0x1FF8, 0x1FF8, 0x1FF8, 0x1FF8, 0x1FF8, 0x1FF8, 0x1FF8, 0x1FF8,
  0x1FF8, 0x1FF8, 0x1FF8, 0x1FF8, 0x1FF8, 0x1FF8, 0x1FF8, 0x1FF8, 0x1FF8, 0x1FF8, 0x1FF8, 0x1FF8,
  0x1FF8, 0x1FF8, 0x1FF8, 0x1FF8, 0x1FF8, 0x1FF8, 0x1FF8, 0x1FF8, 0x1FF8, 0x1FF8, 0x1FF8, 0x1FF8,
  0x1FF8, 0x1FF8, 0x1FF8, 0x1FF8, 0x1FF8, 0x1FF8, 0x1FF8, 0x1FF8, 0x1FF8, 0x0000, 0x0000, 0x0000,
  0x0000, 0x0000, 0x0000, 0x6ECC, 0x6ECC, 0x6ECC, 0xAFFD, 0xAFFD, 0xAFFD, 0xC318, 0xC318, 0xC318,
  0xCFA3, 0xCFA3, 0xCFA3, 0xCFA3, 0xCFA3, 0xCFA3, 0xC318, 0xC318, 0xC318, 0x0ADD, 0x0ADD, 0x0ADD,
  0xE892, 0xE892, 0xE892, 0x8208, 0x8208, 0x8208, 0xED31, 0xED31, 0xED31, 0x80A4, 0x80A4, 0x80A4,
  0x0ADD, 0x0ADD, 0x0ADD, 0xED31, 0xED31, 0xED31, 0xC318, 0xC318, 0xC318, 0x4000, 0x4000, 0x4000,
  0x4000, 0x4000, 0x4000, 0x0000, 0x0000, 0x0000, 0x1FF8, 0x1FF8, 0x1FF8, 0x1FF8, 0x1FF8, 0x1FF8,
  0x1FF8, 0x1FF8, 0x1FF8, 0x1FF8, 0x1FF8, 0x1FF8, 0x1FF8, 0x1FF8, 0x1FF8, 0x1FF8, 0x1FF8, 0x1FF8,
  0x1FF8, 0x1FF8, 0x1FF8, 0x1FF8, 0x1FF8, 0x1FF8, 0x1FF8, 0x1FF8, 0x1FF8, 0x1FF8, 0x1FF8, 0x1FF8,
  0x1FF8, 0x1FF8, 0x1FF8, 0x1FF8, 0x1FF8, 0x1FF8, 0x1FF8, 0x1FF8, 0x1FF8, 0x1FF8, 0x1FF8, 0x1FF8,
  0x1FF8, 0x1FF8, 0x1FF8, 0x1FF8, 0x1FF8, 0x1FF8, 0x1FF8, 0x1FF8, 0x1FF8, 0x0000, 0x0000, 0x0000,
  0x0000, 0x0000, 0x0000, 0x6ECC, 0x6ECC, 0x6ECC, 0xAFFD, 0xAFFD, 0xAFFD, 0xC318, 0xC318, 0xC318,
  0xCFA3, 0xCFA3, 0xCFA3, 0xCFA3, 0xCFA3, 0xCFA3, 0xC318, 0xC318, 0xC318, 0x0ADD, 0x0ADD, 0x0ADD,
  0xE892, 0xE892, 0xE892, 0x8208, 0x8208, 0x8208, 0xED31, 0xED31, 0xED31, 0x80A4, 0x80A4, 0x80A4,
  0x0ADD, 0x0ADD, 0x0ADD, 0xED31, 0xED31, 0xED31, 0xC318, 0xC318, 0xC318, 0x4000, 0x4000, 0x4000,
  0x4000, 0x4000, 0x4000, 0x0000, 0x0000, 0x0000, 0x1FF8, 0x1FF8, 0x1FF8, 0x1FF8, 0x1FF8, 0x1FF8,
  0x1FF8, 0x1FF8, 0x1FF8, 0x1FF8, 0x1FF8, 0x1FF8, 0x1FF8, 0x1FF8, 0x1FF8, 0x1FF8, 0x1FF8, 0x1FF8,
  0x1FF8, 0x1FF8, 0x1FF8, 0x1FF8, 0x1FF8, 0x1FF8, 0x1FF8, 0x1FF8, 0x1FF8, 0x1FF8, 0x1FF8, 0x1FF8,
  0x1FF8, 0x1FF8, 0x1FF8, 0x1FF8, 0x1FF8, 0x1FF8, 0x1FF8, 0x1FF8, 0x1FF8, 0x1FF8, 0x1FF8, 0x1FF8,
  0x1FF8, 0x1FF8, 0x1FF8, 0x1FF8, 0x1FF8, 0x1FF8, 0x1FF8, 0x1FF8, 0x1FF8, 0x0000, 0x0000, 0x0000,
  0x0000, 0x0000, 0x0000, 0x6ECC, 0x6ECC, 0x6ECC, 0xAFFD, 0xAFFD, 0xAFFD, 0xC318, 0xC318, 0xC318,
  0xCFA3, 0xCFA3, 0xCFA3, 0xCFA3, 0xCFA3, 0xCFA3, 0xC318, 0xC318, 0xC318, 0x0ADD, 0x0ADD, 0x0ADD,
  0xE892, 0xE892, 0xE892, 0x8208, 0x8208, 0x8208, 0xED31, 0xED31, 0xED31, 0x80A4, 0x80A4, 0x80A4,
  0x0ADD, 0x0ADD, 0x0ADD, 0xED31, 0xED31, 0xED31, 0xC318, 0xC318, 0xC318, 0x4000, 0x4000, 0x4000,
  0x4000, 0x4000, 0x4000, 0x0000, 0x0000, 0x0000, 0x1FF8, 0x1FF8, 0x1FF8, 0x1FF8, 0x1FF8, 0x1FF8,
  0x1FF8, 0x1FF8, 0x1FF8, 0x1FF8, 0x1FF8, 0x1FF8, 0x1FF8, 0x1FF8, 0x1FF8, 0x1FF8, 0x1FF8, 0x1FF8,
  0x1FF8, 0x1FF8, 0x1FF8, 0x1FF8, 0x1FF8, 0x1FF8, 0x1FF8, 0x1FF8, 0x1FF8, 0x1FF8, 0x1FF8, 0x1FF8,
  0x1FF8, 0x1FF8, 0x1FF8, 0x1FF8, 0x1FF8, 0x1FF8, 0x1FF8, 0x1FF8, 0x1FF8, 0x1FF8, 0x1FF8, 0x1FF8,
  0x1FF8, 0x1FF8, 0x1FF8, 0x1FF8, 0x1FF8, 0x1FF8, 0x1FF8, 0x1FF8, 0x1FF8, 0x1FF8, 0x1FF8, 0x1FF8,
  0x1FF8, 0x1FF8, 0x1FF8, 0x4000, 0x4000, 0x4000, 0x6ECC, 0x6ECC, 0x6ECC, 0xAFFD, 0xAFFD, 0xAFFD,
  0xC318, 0xC318, 0xC318, 0xC318, 0xC318, 0xC318, 0x0ADD, 0x0ADD, 0x0ADD, 0x0000, 0x0000, 0x0000,
  0x8208, 0x8208, 0x8208, 0x7342, 0x7342, 0x7342, 0xCB29, 0xCB29, 0xCB29, 0x07CD, 0x07CD, 0x07CD,
  0xC451, 0xC451, 0xC451, 0xAFFD, 0xAFFD, 0xAFFD, 0xE892, 0xE892, 0xE892, 0x4000, 0x4000, 0x4000,
  0x1FF8, 0x1FF8, 0x1FF8, 0x1FF8, 0x1FF8, 0x1FF8, 0x1FF8, 0x1FF8, 0x1FF8, 0x1FF8, 0x1FF8, 0x1FF8,
  0x1FF8, 0x1FF8, 0x1FF8, 0x1FF8, 0x1FF8, 0x1FF8, 0x1FF8, 0x1FF8, 0x1FF8, 0x1FF8, 0x1FF8, 0x1FF8,
  0x1FF8, 0x1FF8, 0x1FF8, 0x1FF8, 0x1FF8, 0x1FF8, 0x1FF8, 0x1FF8, 0x1FF8, 0x1FF8, 0x1FF8, 0x1FF8,
  0x1FF8, 0x1FF8, 0x1FF8, 0x1FF8, 0x1FF8, 0x1FF8, 0x1FF8, 0x1FF8, 0x1FF8, 0x1FF8, 0x1FF8, 0x1FF8,
  0x1FF8, 0x1FF8, 0x1FF8, 0x1FF8, 0x1FF8, 0x1FF8, 0x1FF8, 0x1FF8, 0x1FF8, 0x1FF8, 0x1FF8, 0x1FF8,
  0x1FF8, 0x1FF8, 0x1FF8, 0x4000, 0x4000, 0x4000, 0x6ECC, 0x6ECC, 0x6ECC, 0xAFFD, 0xAFFD, 0xAFFD,
  0xC318, 0xC318, 0xC318, 0xC318, 0xC318, 0xC318, 0x0ADD, 0x0ADD, 0x0ADD, 0x0000, 0x0000, 0x0000,
  0x8208, 0x8208, 0x8208, 0x7342, 0x7342, 0x7342, 0xCB29, 0xCB29, 0xCB29, 0x07CD, 0x07CD, 0x07CD,
  0xC451, 0xC451, 0xC451, 0xAFFD, 0xAFFD, 0xAFFD, 0xE892, 0xE892, 0xE892, 0x4000, 0x4000, 0x4000,
  0x1FF8, 0x1FF8, 0x1FF8, 0x1FF8, 0x1FF8, 0x1FF8, 0x1FF8, 0x1FF8, 0x1FF8, 0x1FF8, 0x1FF8, 0x1FF8,
  0x1FF8, 0x1FF8, 0x1FF8, 0x1FF8, 0x1FF8, 0x1FF8, 0x1FF8, 0x1FF8, 0x1FF8, 0x1FF8, 0x1FF8, 0x1FF8,
  0x1FF8, 0x1FF8, 0x1FF8, 0x1FF8, 0x1FF8, 0x1FF8, 0x1FF8, 0x1FF8, 0x1FF8, 0x1FF8, 0x1FF8, 0x1FF8,
  0x1FF8, 0x1FF8, 0x1FF8, 0x1FF8, 0x1FF8, 0x1FF8, 0x1FF8, 0x1FF8, 0x1FF8, 0x1FF8, 0x1FF8, 0x1FF8,
  0x1FF8, 0x1FF8, 0x1FF8, 0x1FF8, 0x1FF8, 0x1FF8, 0x1FF8, 0x1FF8, 0x1FF8, 0x1FF8, 0x1FF8, 0x1FF8,
  0x1FF8, 0x1FF8, 0x1FF8, 0x4000, 0x4000, 0x4000, 0x6ECC, 0x6ECC, 0x6ECC, 0xAFFD, 0xAFFD, 0xAFFD,
  0xC318, 0xC318, 0xC318, 0xC318, 0xC318, 0xC318, 0x0ADD, 0x0ADD, 0x0ADD, 0x0000, 0x0000, 0x0000,
  0x8208, 0x8208, 0x8208, 0x7342, 0x7342, 0x7342, 0xCB29, 0xCB29, 0xCB29, 0x07CD, 0x07CD, 0x07CD,
  0xC451, 0xC451, 0xC451, 0xAFFD, 0xAFFD, 0xAFFD, 0xE892, 0xE892, 0xE892, 0x4000, 0x4000, 0x4000,
  0x1FF8, 0x1FF8, 0x1FF8, 0x1FF8, 0x1FF8, 0x1FF8, 0x1FF8, 0x1FF8, 0x1FF8, 0x1FF8, 0x1FF8, 0x1FF8,
  0x1FF8, 0x1FF8, 0x1FF8, 0x1FF8, 0x1FF8, 0x1FF8, 0x1FF8, 0x1FF8, 0x1FF8, 0x1FF8, 0x1FF8, 0x1FF8,
  0x1FF8, 0x1FF8, 0x1FF8, 0x1FF8, 0x1FF8, 0x1FF8, 0x1FF8, 0x1FF8, 0x1FF8, 0x1FF8, 0x1FF8, 0x1FF8,
  0x1FF8, 0x1FF8, 0x1FF8, 0x1FF8, 0x1FF8, 0x1FF8, 0x1FF8, 0x1FF8, 0x1FF8, 0x1FF8, 0x1FF8, 0x1FF8,
  0x1FF8, 0x1FF8, 0x1FF8, 0x1FF8, 0x1FF8, 0x1FF8, 0x1FF8, 0x1FF8, 0x1FF8, 0x1FF8, 0x1FF8, 0x1FF8,
  0x1FF8, 0x1FF8, 0x1FF8, 0x1FF8, 0x1FF8, 0x1FF8, 0x0000, 0x0000, 0x0000, 0x0000, 0x0000, 0x0000,
  0xC120, 0xC120, 0xC120, 0x0000, 0x0000, 0x0000, 0x0000, 0x0000, 0x0000, 0x07CD, 0x07CD, 0x07CD,
  0x8629, 0x8629, 0x8629, 0x1443, 0x1443, 0x1443, 0xCB29, 0xCB29, 0xCB29, 0x07CD, 0x07CD, 0x07CD,
  0x07CD, 0x07CD, 0x07CD, 0xC451, 0xC451, 0xC451, 0x0000, 0x0000, 0x0000, 0x1FF8, 0x1FF8, 0x1FF8,
  0x1FF8, 0x1FF8, 0x1FF8, 0x1FF8, 0x1FF8, 0x1FF8, 0x1FF8, 0x1FF8, 0x1FF8, 0x1FF8, 0x1FF8, 0x1FF8,
  0x1FF8, 0x1FF8, 0x1FF8, 0x1FF8, 0x1FF8, 0x1FF8, 0x1FF8, 0x1FF8, 0x1FF8, 0x1FF8, 0x1FF8, 0x1FF8,
  0x1FF8, 0x1FF8, 0x1FF8, 0x1FF8, 0x1FF8, 0x1FF8, 0x1FF8, 0x1FF8, 0x1FF8, 0x1FF8, 0x1FF8, 0x1FF8,
  0x1FF8, 0x1FF8, 0x1FF8, 0x1FF8, 0x1FF8, 0x1FF8, 0x1FF8, 0x1FF8, 0x1FF8, 0x1FF8, 0x1FF8, 0x1FF8,
  0x1FF8, 0x1FF8, 0x1FF8, 0x1FF8, 0x1FF8, 0x1FF8, 0x1FF8, 0x1FF8, 0x1FF8, 0x1FF8, 0x1FF8, 0x1FF8,
  0x1FF8, 0x1FF8, 0x1FF8, 0x1FF8, 0x1FF8, 0x1FF8, 0x0000, 0x0000, 0x0000, 0x0000, 0x0000, 0x0000,
  0xC120, 0xC120, 0xC120, 0x0000, 0x0000, 0x0000, 0x0000, 0x0000, 0x0000, 0x07CD, 0x07CD, 0x07CD,
  0x8629, 0x8629, 0x8629, 0x1443, 0x1443, 0x1443, 0xCB29, 0xCB29, 0xCB29, 0x07CD, 0x07CD, 0x07CD,
  0x07CD, 0x07CD, 0x07CD, 0xC451, 0xC451, 0xC451, 0x0000, 0x0000, 0x0000, 0x1FF8, 0x1FF8, 0x1FF8,
  0x1FF8, 0x1FF8, 0x1FF8, 0x1FF8, 0x1FF8, 0x1FF8, 0x1FF8, 0x1FF8, 0x1FF8, 0x1FF8, 0x1FF8, 0x1FF8,
  0x1FF8, 0x1FF8, 0x1FF8, 0x1FF8, 0x1FF8, 0x1FF8, 0x1FF8, 0x1FF8, 0x1FF8, 0x1FF8, 0x1FF8, 0x1FF8,
  0x1FF8, 0x1FF8, 0x1FF8, 0x1FF8, 0x1FF8, 0x1FF8, 0x1FF8, 0x1FF8, 0x1FF8, 0x1FF8, 0x1FF8, 0x1FF8,
  0x1FF8, 0x1FF8, 0x1FF8, 0x1FF8, 0x1FF8, 0x1FF8, 0x1FF8, 0x1FF8, 0x1FF8, 0x1FF8, 0x1FF8, 0x1FF8,
  0x1FF8, 0x1FF8, 0x1FF8, 0x1FF8, 0x1FF8, 0x1FF8, 0x1FF8, 0x1FF8, 0x1FF8, 0x1FF8, 0x1FF8, 0x1FF8,
  0x1FF8, 0x1FF8, 0x1FF8, 0x1FF8, 0x1FF8, 0x1FF8, 0x0000, 0x0000, 0x0000, 0x0000, 0x0000, 0x0000,
  0xC120, 0xC120, 0xC120, 0x0000, 0x0000, 0x0000, 0x0000, 0x0000, 0x0000, 0x07CD, 0x07CD, 0x07CD,
  0x8629, 0x8629, 0x8629, 0x1443, 0x1443, 0x1443, 0xCB29, 0xCB29, 0xCB29, 0x07CD, 0x07CD, 0x07CD,
  0x07CD, 0x07CD, 0x07CD, 0xC451, 0xC451, 0xC451, 0x0000, 0x0000, 0x0000, 0x1FF8, 0x1FF8, 0x1FF8,
  0x1FF8, 0x1FF8, 0x1FF8, 0x1FF8, 0x1FF8, 0x1FF8, 0x1FF8, 0x1FF8, 0x1FF8, 0x1FF8, 0x1FF8, 0x1FF8,
  0x1FF8, 0x1FF8, 0x1FF8, 0x1FF8, 0x1FF8, 0x1FF8, 0x1FF8, 0x1FF8, 0x1FF8, 0x1FF8, 0x1FF8, 0x1FF8,
  0x1FF8, 0x1FF8, 0x1FF8, 0x1FF8, 0x1FF8, 0x1FF8, 0x1FF8, 0x1FF8, 0x1FF8, 0x1FF8, 0x1FF8, 0x1FF8,
  0x1FF8, 0x1FF8, 0x1FF8, 0x1FF8, 0x1FF8, 0x1FF8, 0x1FF8, 0x1FF8, 0x1FF8, 0x1FF8, 0x1FF8, 0x1FF8,
  0x1FF8, 0x1FF8, 0x1FF8, 0x1FF8, 0x1FF8, 0x1FF8, 0x1FF8, 0x1FF8, 0x1FF8, 0x1FF8, 0x1FF8, 0x1FF8,
  0x1FF8, 0x1FF8, 0x1FF8, 0x0000, 0x0000, 0x0000, 0xCB29, 0xCB29, 0xCB29, 0x0000, 0x0000, 0x0000,
  0x07CD, 0x07CD, 0x07CD, 0x63E6, 0x63E6, 0x63E6, 0x80A4, 0x80A4, 0x80A4, 0x8629, 0x8629, 0x8629,
  0x1443, 0x1443, 0x1443, 0x1443, 0x1443, 0x1443, 0x1443, 0x1443, 0x1443, 0x0000, 0x0000, 0x0000,
  0x867A, 0x867A, 0x867A, 0x867A, 0x867A, 0x867A, 0x0000, 0x0000, 0x0000, 0x1FF8, 0x1FF8, 0x1FF8,
  0x1FF8, 0x1FF8, 0x1FF8, 0x1FF8, 0x1FF8, 0x1FF8, 0x1FF8, 0x1FF8, 0x1FF8, 0x1FF8, 0x1FF8, 0x1FF8,
  0x1FF8, 0x1FF8, 0x1FF8, 0x1FF8, 0x1FF8, 0x1FF8, 0x1FF8, 0x1FF8, 0x1FF8, 0x1FF8, 0x1FF8, 0x1FF8,
  0x1FF8, 0x1FF8, 0x1FF8, 0x1FF8, 0x1FF8, 0x1FF8, 0x1FF8, 0x1FF8, 0x1FF8, 0x1FF8, 0x1FF8, 0x1FF8,
  0x1FF8, 0x1FF8, 0x1FF8, 0x1FF8, 0x1FF8, 0x1FF8, 0x1FF8, 0x1FF8, 0x1FF8, 0x1FF8, 0x1FF8, 0x1FF8,
  0x1FF8, 0x1FF8, 0x1FF8, 0x1FF8, 0x1FF8, 0x1FF8, 0x1FF8, 0x1FF8, 0x1FF8, 0x1FF8, 0x1FF8, 0x1FF8,
  0x1FF8, 0x1FF8, 0x1FF8, 0x0000, 0x0000, 0x0000, 0xCB29, 0xCB29, 0xCB29, 0x0000, 0x0000, 0x0000,
  0x07CD, 0x07CD, 0x07CD, 0x63E6, 0x63E6, 0x63E6, 0x80A4, 0x80A4, 0x80A4, 0x8629, 0x8629, 0x8629,
  0x1443, 0x1443, 0x1443, 0x1443, 0x1443, 0x1443, 0x1443, 0x1443, 0x1443, 0x0000, 0x0000, 0x0000,
  0x867A, 0x867A, 0x867A, 0x867A, 0x867A, 0x867A, 0x0000, 0x0000, 0x0000, 0x1FF8, 0x1FF8, 0x1FF8,
  0x1FF8, 0x1FF8, 0x1FF8, 0x1FF8, 0x1FF8, 0x1FF8, 0x1FF8, 0x1FF8, 0x1FF8, 0x1FF8, 0x1FF8, 0x1FF8,
  0x1FF8, 0x1FF8, 0x1FF8, 0x1FF8, 0x1FF8, 0x1FF8, 0x1FF8, 0x1FF8, 0x1FF8, 0x1FF8, 0x1FF8, 0x1FF8,
  0x1FF8, 0x1FF8, 0x1FF8, 0x1FF8, 0x1FF8, 0x1FF8, 0x1FF8, 0x1FF8, 0x1FF8, 0x1FF8, 0x1FF8, 0x1FF8,
  0x1FF8, 0x1FF8, 0x1FF8, 0x1FF8, 0x1FF8, 0x1FF8, 0x1FF8, 0x1FF8, 0x1FF8, 0x1FF8, 0x1FF8, 0x1FF8,
  0x1FF8, 0x1FF8, 0x1FF8, 0x1FF8, 0x1FF8, 0x1FF8, 0x1FF8, 0x1FF8, 0x1FF8, 0x1FF8, 0x1FF8, 0x1FF8,
  0x1FF8, 0x1FF8, 0x1FF8, 0x0000, 0x0000, 0x0000, 0xCB29, 0xCB29, 0xCB29, 0x0000, 0x0000, 0x0000,
  0x07CD, 0x07CD, 0x07CD, 0x63E6, 0x63E6, 0x63E6, 0x80A4, 0x80A4, 0x80A4, 0x8629, 0x8629, 0x8629,
  0x1443, 0x1443, 0x1443, 0x1443, 0x1443, 0x1443, 0x1443, 0x1443, 0x1443, 0x0000, 0x0000, 0x0000,
  0x867A, 0x867A, 0x867A, 0x867A, 0x867A, 0x867A, 0x0000, 0x0000, 0x0000, 0x1FF8, 0x1FF8, 0x1FF8,
  0x1FF8, 0x1FF8, 0x1FF8, 0x1FF8, 0x1FF8, 0x1FF8, 0x1FF8, 0x1FF8, 0x1FF8, 0x1FF8, 0x1FF8, 0x1FF8,
  0x1FF8, 0x1FF8, 0x1FF8, 0x1FF8, 0x1FF8, 0x1FF8, 0x1FF8, 0x1FF8, 0x1FF8, 0x1FF8, 0x1FF8, 0x1FF8,
  0x1FF8, 0x1FF8, 0x1FF8, 0x1FF8, 0x1FF8, 0x1FF8, 0x1FF8, 0x1FF8, 0x1FF8, 0x1FF8, 0x1FF8, 0x1FF8,
  0x1FF8, 0x1FF8, 0x1FF8, 0x1FF8, 0x1FF8, 0x1FF8, 0x1FF8, 0x1FF8, 0x1FF8, 0x1FF8, 0x1FF8, 0x1FF8,
  0x1FF8, 0x1FF8, 0x1FF8, 0x1FF8, 0x1FF8, 0x1FF8, 0x1FF8, 0x1FF8, 0x1FF8, 0x1FF8, 0x1FF8, 0x1FF8,
  0x1FF8, 0x1FF8, 0x1FF8, 0x0000, 0x0000, 0x0000, 0xCB29, 0xCB29, 0xCB29, 0x0421, 0x0421, 0x0421,
  0x8629, 0x8629, 0x8629, 0xCB29, 0xCB29, 0xCB29, 0x7342, 0x7342, 0x7342, 0x1443, 0x1443, 0x1443,
  0x1443, 0x1443, 0x1443, 0x1443, 0x1443, 0x1443, 0x7342, 0x7342, 0x7342, 0x7342, 0x7342, 0x7342,
  0x0000, 0x0000, 0x0000, 0x0000, 0x0000, 0x0000, 0x1FF8, 0x1FF8, 0x1FF8, 0x1FF8, 0x1FF8, 0x1FF8,
  0x1FF8, 0x1FF8, 0x1FF8, 0x1FF8, 0x1FF8, 0x1FF8, 0x1FF8, 0x1FF8, 0x1FF8, 0x1FF8, 0x1FF8, 0x1FF8,
  0x1FF8, 0x1FF8, 0x1FF8, 0x1FF8, 0x1FF8, 0x1FF8, 0x1FF8, 0x1FF8, 0x1FF8, 0x1FF8, 0x1FF8, 0x1FF8,
  0x1FF8, 0x1FF8, 0x1FF8, 0x1FF8, 0x1FF8, 0x1FF8, 0x1FF8, 0x1FF8, 0x1FF8, 0x1FF8, 0x1FF8, 0x1FF8,
  0x1FF8, 0x1FF8, 0x1FF8, 0x1FF8, 0x1FF8, 0x1FF8, 0x1FF8, 0x1FF8, 0x1FF8, 0x1FF8, 0x1FF8, 0x1FF8,
  0x1FF8, 0x1FF8, 0x1FF8, 0x1FF8, 0x1FF8, 0x1FF8, 0x1FF8, 0x1FF8, 0x1FF8, 0x1FF8, 0x1FF8, 0x1FF8,
  0x1FF8, 0x1FF8, 0x1FF8, 0x0000, 0x0000, 0x0000, 0xCB29, 0xCB29, 0xCB29, 0x0421, 0x0421, 0x0421,
  0x8629, 0x8629, 0x8629, 0xCB29, 0xCB29, 0xCB29, 0x7342, 0x7342, 0x7342, 0x1443, 0x1443, 0x1443,
  0x1443, 0x1443, 0x1443, 0x1443, 0x1443, 0x1443, 0x7342, 0x7342, 0x7342, 0x7342, 0x7342, 0x7342,
  0x0000, 0x0000, 0x0000, 0x0000, 0x0000, 0x0000, 0x1FF8, 0x1FF8, 0x1FF8, 0x1FF8, 0x1FF8, 0x1FF8,
  0x1FF8, 0x1FF8, 0x1FF8, 0x1FF8, 0x1FF8, 0x1FF8, 0x1FF8, 0x1FF8, 0x1FF8, 0x1FF8, 0x1FF8, 0x1FF8,
  0x1FF8, 0x1FF8, 0x1FF8, 0x1FF8, 0x1FF8, 0x1FF8, 0x1FF8, 0x1FF8, 0x1FF8, 0x1FF8, 0x1FF8, 0x1FF8,
  0x1FF8, 0x1FF8, 0x1FF8, 0x1FF8, 0x1FF8, 0x1FF8, 0x1FF8, 0x1FF8, 0x1FF8, 0x1FF8, 0x1FF8, 0x1FF8,
  0x1FF8, 0x1FF8, 0x1FF8, 0x1FF8, 0x1FF8, 0x1FF8, 0x1FF8, 0x1FF8, 0x1FF8, 0x1FF8, 0x1FF8, 0x1FF8,
  0x1FF8, 0x1FF8, 0x1FF8, 0x1FF8, 0x1FF8, 0x1FF8, 0x1FF8, 0x1FF8, 0x1FF8, 0x1FF8, 0x1FF8, 0x1FF8,
  0x1FF8, 0x1FF8, 0x1FF8, 0x0000, 0x0000, 0x0000, 0xCB29, 0xCB29, 0xCB29, 0x0421, 0x0421, 0x0421,
  0x8629, 0x8629, 0x8629, 0xCB29, 0xCB29, 0xCB29, 0x7342, 0x7342, 0x7342, 0x1443, 0x1443, 0x1443,
  0x1443, 0x1443, 0x1443, 0x1443, 0x1443, 0x1443, 0x7342, 0x7342, 0x7342, 0x7342, 0x7342, 0x7342,
  0x0000, 0x0000, 0x0000, 0x0000, 0x0000, 0x0000, 0x1FF8, 0x1FF8, 0x1FF8, 0x1FF8, 0x1FF8, 0x1FF8,
  0x1FF8, 0x1FF8, 0x1FF8, 0x1FF8, 0x1FF8, 0x1FF8, 0x1FF8, 0x1FF8, 0x1FF8, 0x1FF8, 0x1FF8, 0x1FF8,
  0x1FF8, 0x1FF8, 0x1FF8, 0x1FF8, 0x1FF8, 0x1FF8, 0x1FF8, 0x1FF8, 0x1FF8, 0x1FF8, 0x1FF8, 0x1FF8,
  0x1FF8, 0x1FF8, 0x1FF8, 0x1FF8, 0x1FF8, 0x1FF8, 0x1FF8, 0x1FF8, 0x1FF8, 0x1FF8, 0x1FF8, 0x1FF8,
  0x1FF8, 0x1FF8, 0x1FF8, 0x1FF8, 0x1FF8, 0x1FF8, 0x1FF8, 0x1FF8, 0x1FF8, 0x1FF8, 0x1FF8, 0x1FF8,
  0x1FF8, 0x1FF8, 0x1FF8, 0x1FF8, 0x1FF8, 0x1FF8, 0x1FF8, 0x1FF8, 0x1FF8, 0x1FF8, 0x1FF8, 0x1FF8,
  0x1FF8, 0x1FF8, 0x1FF8, 0x0000, 0x0000, 0x0000, 0x0000, 0x0000, 0x0000, 0x07CD, 0x07CD, 0x07CD,
  0x1443, 0x1443, 0x1443, 0x63E6, 0x63E6, 0x63E6, 0x1443, 0x1443, 0x1443, 0x63E6, 0x63E6, 0x63E6,
  0x1443, 0x1443, 0x1443, 0x7342, 0x7342, 0x7342, 0x7342, 0x7342, 0x7342, 0x7022, 0x7022, 0x7022,
  0x0000, 0x0000, 0x0000, 0x1FF8, 0x1FF8, 0x1FF8, 0x1FF8, 0x1FF8, 0x1FF8, 0x1FF8, 0x1FF8, 0x1FF8,
  0x1FF8, 0x1FF8, 0x1FF8, 0x1FF8, 0x1FF8, 0x1FF8, 0x1FF8, 0x1FF8, 0x1FF8, 0x1FF8, 0x1FF8, 0x1FF8,
  0x1FF8, 0x1FF8, 0x1FF8, 0x1FF8, 0x1FF8, 0x1FF8, 0x1FF8, 0x1FF8, 0x1FF8, 0x1FF8, 0x1FF8, 0x1FF8,
  0x1FF8, 0x1FF8, 0x1FF8, 0x1FF8, 0x1FF8, 0x1FF8, 0x1FF8, 0x1FF8, 0x1FF8, 0x1FF8, 0x1FF8, 0x1FF8,
  0x1FF8, 0x1FF8, 0x1FF8, 0x1FF8, 0x1FF8, 0x1FF8, 0x1FF8, 0x1FF8, 0x1FF8, 0x1FF8, 0x1FF8, 0x1FF8,
  0x1FF8, 0x1FF8, 0x1FF8, 0x1FF8, 0x1FF8, 0x1FF8, 0x1FF8, 0x1FF8, 0x1FF8, 0x1FF8, 0x1FF8, 0x1FF8,
  0x1FF8, 0x1FF8, 0x1FF8, 0x0000, 0x0000, 0x0000, 0x0000, 0x0000, 0x0000, 0x07CD, 0x07CD, 0x07CD,
  0x1443, 0x1443, 0x1443, 0x63E6, 0x63E6, 0x63E6, 0x1443, 0x1443, 0x1443, 0x63E6, 0x63E6, 0x63E6,
  0x1443, 0x1443, 0x1443, 0x7342, 0x7342, 0x7342, 0x7342, 0x7342, 0x7342, 0x7022, 0x7022, 0x7022,
  0x0000, 0x0000, 0x0000, 0x1FF8, 0x1FF8, 0x1FF8, 0x1FF8, 0x1FF8, 0x1FF8, 0x1FF8, 0x1FF8, 0x1FF8,
  0x1FF8, 0x1FF8, 0x1FF8, 0x1FF8, 0x1FF8, 0x1FF8, 0x1FF8, 0x1FF8, 0x1FF8, 0x1FF8, 0x1FF8, 0x1FF8,
  0x1FF8, 0x1FF8, 0x1FF8, 0x1FF8, 0x1FF8, 0x1FF8, 0x1FF8, 0x1FF8, 0x1FF8, 0x1FF8, 0x1FF8, 0x1FF8,
  0x1FF8, 0x1FF8, 0x1FF8, 0x1FF8, 0x1FF8, 0x1FF8, 0x1FF8, 0x1FF8, 0x1FF8, 0x1FF8, 0x1FF8, 0x1FF8,
  0x1FF8, 0x1FF8, 0x1FF8, 0x1FF8, 0x1FF8, 0x1FF8, 0x1FF8, 0x1FF8, 0x1FF8, 0x1FF8, 0x1FF8, 0x1FF8,
  0x1FF8, 0x1FF8, 0x1FF8, 0x1FF8, 0x1FF8, 0x1FF8, 0x1FF8, 0x1FF8, 0x1FF8, 0x1FF8, 0x1FF8, 0x1FF8,
  0x1FF8, 0x1FF8, 0x1FF8, 0x0000, 0x0000, 0x0000, 0x0000, 0x0000, 0x0000, 0x07CD, 0x07CD, 0x07CD,
  0x1443, 0x1443, 0x1443, 0x63E6, 0x63E6, 0x63E6, 0x1443, 0x1443, 0x1443, 0x63E6, 0x63E6, 0x63E6,
  0x1443, 0x1443, 0x1443, 0x7342, 0x7342, 0x7342, 0x7342, 0x7342, 0x7342, 0x7022, 0x7022, 0x7022,
  0x0000, 0x0000, 0x0000, 0x1FF8, 0x1FF8, 0x1FF8, 0x1FF8, 0x1FF8, 0x1FF8, 0x1FF8, 0x1FF8, 0x1FF8,
  0x1FF8, 0x1FF8, 0x1FF8, 0x1FF8, 0x1FF8, 0x1FF8, 0x1FF8, 0x1FF8, 0x1FF8, 0x1FF8, 0x1FF8, 0x1FF8,
  0x1FF8, 0x1FF8, 0x1FF8, 0x1FF8, 0x1FF8, 0x1FF8, 0x1FF8, 0x1FF8, 0x1FF8, 0x1FF8, 0x1FF8, 0x1FF8,
  0x1FF8, 0x1FF8, 0x1FF8, 0x1FF8, 0x1FF8, 0x1FF8, 0x1FF8, 0x1FF8, 0x1FF8, 0x1FF8, 0x1FF8, 0x1FF8,
  0x1FF8, 0x1FF8, 0x1FF8, 0x1FF8, 0x1FF8, 0x1FF8, 0x1FF8, 0x1FF8, 0x1FF8, 0x1FF8, 0x1FF8, 0x1FF8,
  0x1FF8, 0x1FF8, 0x1FF8, 0x1FF8, 0x1FF8, 0x1FF8, 0x1FF8, 0x1FF8, 0x1FF8, 0x0000, 0x0000, 0x0000,
  0x0000, 0x0000, 0x0000, 0x4000, 0x4000, 0x4000, 0x0000, 0x0000, 0x0000, 0x1443, 0x1443, 0x1443,
  0x1443, 0x1443, 0x1443, 0x1443, 0x1443, 0x1443, 0x1443, 0x1443, 0x1443, 0x1443, 0x1443, 0x1443,
  0x07CD, 0x07CD, 0x07CD, 0xCB29, 0xCB29, 0xCB29, 0xCB29, 0xCB29, 0xCB29, 0x4000, 0x4000, 0x4000,
  0x1FF8, 0x1FF8, 0x1FF8, 0x1FF8, 0x1FF8, 0x1FF8, 0x1FF8, 0x1FF8, 0x1FF8, 0x1FF8, 0x1FF8, 0x1FF8,
  0x1FF8, 0x1FF8, 0x1FF8, 0x1FF8, 0x1FF8, 0x1FF8, 0x1FF8, 0x1FF8, 0x1FF8, 0x1FF8, 0x1FF8, 0x1FF8,
  0x1FF8, 0x1FF8, 0x1FF8, 0x1FF8, 0x1FF8, 0x1FF8, 0x1FF8, 0x1FF8, 0x1FF8, 0x1FF8, 0x1FF8, 0x1FF8,
  0x1FF8, 0x1FF8, 0x1FF8, 0x1FF8, 0x1FF8, 0x1FF8, 0x1FF8, 0x1FF8, 0x1FF8, 0x1FF8, 0x1FF8, 0x1FF8,
  0x1FF8, 0x1FF8, 0x1FF8, 0x1FF8, 0x1FF8, 0x1FF8, 0x1FF8, 0x1FF8, 0x1FF8, 0x1FF8, 0x1FF8, 0x1FF8,
  0x1FF8, 0x1FF8, 0x1FF8, 0x1FF8, 0x1FF8, 0x1FF8, 0x1FF8, 0x1FF8, 0x1FF8, 0x0000, 0x0000, 0x0000,
  0x0000, 0x0000, 0x0000, 0x4000, 0x4000, 0x4000, 0x0000, 0x0000, 0x0000, 0x1443, 0x1443, 0x1443,
  0x1443, 0x1443, 0x1443, 0x1443, 0x1443, 0x1443, 0x1443, 0x1443, 0x1443, 0x1443, 0x1443, 0x1443,
  0x07CD, 0x07CD, 0x07CD, 0xCB29, 0xCB29, 0xCB29, 0xCB29, 0xCB29, 0xCB29, 0x4000, 0x4000, 0x4000,
  0x1FF8, 0x1FF8, 0x1FF8, 0x1FF8, 0x1FF8, 0x1FF8, 0x1FF8, 0x1FF8, 0x1FF8, 0x1FF8, 0x1FF8, 0x1FF8,
  0x1FF8, 0x1FF8, 0x1FF8, 0x1FF8, 0x1FF8, 0x1FF8, 0x1FF8, 0x1FF8, 0x1FF8, 0x1FF8, 0x1FF8, 0x1FF8,
  0x1FF8, 0x1FF8, 0x1FF8, 0x1FF8, 0x1FF8, 0x1FF8, 0x1FF8, 0x1FF8, 0x1FF8, 0x1FF8, 0x1FF8, 0x1FF8,
  0x1FF8, 0x1FF8, 0x1FF8, 0x1FF8, 0x1FF8, 0x1FF8, 0x1FF8, 0x1FF8, 0x1FF8, 0x1FF8, 0x1FF8, 0x1FF8,
  0x1FF8, 0x1FF8, 0x1FF8, 0x1FF8, 0x1FF8, 0x1FF8, 0x1FF8, 0x1FF8, 0x1FF8, 0x1FF8, 0x1FF8, 0x1FF8,
  0x1FF8, 0x1FF8, 0x1FF8, 0x1FF8, 0x1FF8, 0x1FF8, 0x1FF8, 0x1FF8, 0x1FF8, 0x0000, 0x0000, 0x0000,
  0x0000, 0x0000, 0x0000, 0x4000, 0x4000, 0x4000, 0x0000, 0x0000, 0x0000, 0x1443, 0x1443, 0x1443,
  0x1443, 0x1443, 0x1443, 0x1443, 0x1443, 0x1443, 0x1443, 0x1443, 0x1443, 0x1443, 0x1443, 0x1443,
  0x07CD, 0x07CD, 0x07CD, 0xCB29, 0xCB29, 0xCB29, 0xCB29, 0xCB29, 0xCB29, 0x4000, 0x4000, 0x4000,
  0x1FF8, 0x1FF8, 0x1FF8, 0x1FF8, 0x1FF8, 0x1FF8, 0x1FF8, 0x1FF8, 0x1FF8, 0x1FF8, 0x1FF8, 0x1FF8,
  0x1FF8, 0x1FF8, 0x1FF8, 0x1FF8, 0x1FF8, 0x1FF8, 0x1FF8, 0x1FF8, 0x1FF8, 0x1FF8, 0x1FF8, 0x1FF8,
  0x1FF8, 0x1FF8, 0x1FF8, 0x1FF8, 0x1FF8, 0x1FF8, 0x1FF8, 0x1FF8, 0x1FF8, 0x1FF8, 0x1FF8, 0x1FF8,
  0x1FF8, 0x1FF8, 0x1FF8, 0x1FF8, 0x1FF8, 0x1FF8, 0x1FF8, 0x1FF8, 0x1FF8, 0x1FF8, 0x1FF8, 0x1FF8,
  0x1FF8, 0x1FF8, 0x1FF8, 0x1FF8, 0x1FF8, 0x1FF8, 0x1FF8, 0x1FF8, 0x1FF8, 0x1FF8, 0x1FF8, 0x1FF8,
  0x1FF8, 0x1FF8, 0x1FF8, 0x1FF8, 0x1FF8, 0x1FF8, 0x0000, 0x0000, 0x0000, 0xB29C, 0xB29C, 0xB29C,
  0x99D6, 0x99D6, 0x99D6, 0x56AD, 0x56AD, 0x56AD, 0x7022, 0x7022, 0x7022, 0x1443, 0x1443, 0x1443,
  0x63E6, 0x63E6, 0x63E6, 0x1443, 0x1443, 0x1443, 0x1443, 0x1443, 0x1443, 0x1443, 0x1443, 0x1443,
  0x1443, 0x1443, 0x1443, 0x7342, 0x7342, 0x7342, 0x0000, 0x0000, 0x0000, 0x1FF8, 0x1FF8, 0x1FF8,
  0x1FF8, 0x1FF8, 0x1FF8, 0x1FF8, 0x1FF8, 0x1FF8, 0x1FF8, 0x1FF8, 0x1FF8, 0x1FF8, 0x1FF8, 0x1FF8,
  0x1FF8, 0x1FF8, 0x1FF8, 0x1FF8, 0x1FF8, 0x1FF8, 0x1FF8, 0x1FF8, 0x1FF8, 0x1FF8, 0x1FF8, 0x1FF8,
  0x1FF8, 0x1FF8, 0x1FF8, 0x1FF8, 0x1FF8, 0x1FF8, 0x1FF8, 0x1FF8, 0x1FF8, 0x1FF8, 0x1FF8, 0x1FF8,
  0x1FF8, 0x1FF8, 0x1FF8, 0x1FF8, 0x1FF8, 0x1FF8, 0x1FF8, 0x1FF8, 0x1FF8, 0x1FF8, 0x1FF8, 0x1FF8,
  0x1FF8, 0x1FF8, 0x1FF8, 0x1FF8, 0x1FF8, 0x1FF8, 0x1FF8, 0x1FF8, 0x1FF8, 0x1FF8, 0x1FF8, 0x1FF8,
  0x1FF8, 0x1FF8, 0x1FF8, 0x1FF8, 0x1FF8, 0x1FF8, 0x0000, 0x0000, 0x0000, 0xB29C, 0xB29C, 0xB29C,
  0x99D6, 0x99D6, 0x99D6, 0x56AD, 0x56AD, 0x56AD, 0x7022, 0x7022, 0x7022, 0x1443, 0x1443, 0x1443,
  0x63E6, 0x63E6, 0x63E6, 0x1443, 0x1443, 0x1443, 0x1443, 0x1443, 0x1443, 0x1443, 0x1443, 0x1443,
  0x1443, 0x1443, 0x1443, 0x7342, 0x7342, 0x7342, 0x0000, 0x0000, 0x0000, 0x1FF8, 0x1FF8, 0x1FF8,
  0x1FF8, 0x1FF8, 0x1FF8, 0x1FF8, 0x1FF8, 0x1FF8, 0x1FF8, 0x1FF8, 0x1FF8, 0x1FF8, 0x1FF8, 0x1FF8,
  0x1FF8, 0x1FF8, 0x1FF8, 0x1FF8, 0x1FF8, 0x1FF8, 0x1FF8, 0x1FF8, 0x1FF8, 0x1FF8, 0x1FF8, 0x1FF8,
  0x1FF8, 0x1FF8, 0x1FF8, 0x1FF8, 0x1FF8, 0x1FF8, 0x1FF8, 0x1FF8, 0x1FF8, 0x1FF8, 0x1FF8, 0x1FF8,
  0x1FF8, 0x1FF8, 0x1FF8, 0x1FF8, 0x1FF8, 0x1FF8, 0x1FF8, 0x1FF8, 0x1FF8, 0x1FF8, 0x1FF8, 0x1FF8,
  0x1FF8, 0x1FF8, 0x1FF8, 0x1FF8, 0x1FF8, 0x1FF8, 0x1FF8, 0x1FF8, 0x1FF8, 0x1FF8, 0x1FF8, 0x1FF8,
  0x1FF8, 0x1FF8, 0x1FF8, 0x1FF8, 0x1FF8, 0x1FF8, 0x0000, 0x0000, 0x0000, 0xB29C, 0xB29C, 0xB29C,
  0x99D6, 0x99D6, 0x99D6, 0x56AD, 0x56AD, 0x56AD, 0x7022, 0x7022, 0x7022, 0x1443, 0x1443, 0x1443,
  0x63E6, 0x63E6, 0x63E6, 0x1443, 0x1443, 0x1443, 0x1443, 0x1443, 0x1443, 0x1443, 0x1443, 0x1443,
  0x1443, 0x1443, 0x1443, 0x7342, 0x7342, 0x7342, 0x0000, 0x0000, 0x0000, 0x1FF8, 0x1FF8, 0x1FF8,
  0x1FF8, 0x1FF8, 0x1FF8, 0x1FF8, 0x1FF8, 0x1FF8, 0x1FF8, 0x1FF8, 0x1FF8, 0x1FF8, 0x1FF8, 0x1FF8,
  0x1FF8, 0x1FF8, 0x1FF8, 0x1FF8, 0x1FF8, 0x1FF8, 0x1FF8, 0x1FF8, 0x1FF8, 0x1FF8, 0x1FF8, 0x1FF8,
  0x1FF8, 0x1FF8, 0x1FF8, 0x1FF8, 0x1FF8, 0x1FF8, 0x1FF8, 0x1FF8, 0x1FF8, 0x1FF8, 0x1FF8, 0x1FF8,
  0x1FF8, 0x1FF8, 0x1FF8, 0x1FF8, 0x1FF8, 0x1FF8, 0x1FF8, 0x1FF8, 0x1FF8, 0x1FF8, 0x1FF8, 0x1FF8,
  0x1FF8, 0x1FF8, 0x1FF8, 0x1FF8, 0x1FF8, 0x1FF8, 0x1FF8, 0x1FF8, 0x1FF8, 0x1FF8, 0x1FF8, 0x1FF8,
  0x1FF8, 0x1FF8, 0x1FF8, 0x1FF8, 0x1FF8, 0x1FF8, 0x0000, 0x0000, 0x0000, 0x708C, 0x708C, 0x708C,
  0x7DEF, 0x7DEF, 0x7DEF, 0x0000, 0x0000, 0x0000, 0x1443, 0x1443, 0x1443, 0x1443, 0x1443, 0x1443,
  0x1443, 0x1443, 0x1443, 0x1443, 0x1443, 0x1443, 0x1443, 0x1443, 0x1443, 0x1443, 0x1443, 0x1443,
  0x1443, 0x1443, 0x1443, 0x7342, 0x7342, 0x7342, 0x0000, 0x0000, 0x0000, 0x1FF8, 0x1FF8, 0x1FF8,
  0x1FF8, 0x1FF8, 0x1FF8, 0x1FF8, 0x1FF8, 0x1FF8, 0x1FF8, 0x1FF8, 0x1FF8, 0x1FF8, 0x1FF8, 0x1FF8,
  0x1FF8, 0x1FF8, 0x1FF8, 0x1FF8, 0x1FF8, 0x1FF8, 0x1FF8, 0x1FF8, 0x1FF8, 0x1FF8, 0x1FF8, 0x1FF8,
  0x1FF8, 0x1FF8, 0x1FF8, 0x1FF8, 0x1FF8, 0x1FF8, 0x1FF8, 0x1FF8, 0x1FF8, 0x1FF8, 0x1FF8, 0x1FF8,
  0x1FF8, 0x1FF8, 0x1FF8, 0x1FF8, 0x1FF8, 0x1FF8, 0x1FF8, 0x1FF8, 0x1FF8, 0x1FF8, 0x1FF8, 0x1FF8,
  0x1FF8, 0x1FF8, 0x1FF8, 0x1FF8, 0x1FF8, 0x1FF8, 0x1FF8, 0x1FF8, 0x1FF8, 0x1FF8, 0x1FF8, 0x1FF8,
  0x1FF8, 0x1FF8, 0x1FF8, 0x1FF8, 0x1FF8, 0x1FF8, 0x0000, 0x0000, 0x0000, 0x708C, 0x708C, 0x708C,
  0x7DEF, 0x7DEF, 0x7DEF, 0x0000, 0x0000, 0x0000, 0x1443, 0x1443, 0x1443, 0x1443, 0x1443, 0x1443,
  0x1443, 0x1443, 0x1443, 0x1443, 0x1443, 0x1443, 0x1443, 0x1443, 0x1443, 0x1443, 0x1443, 0x1443,
  0x1443, 0x1443, 0x1443, 0x7342, 0x7342, 0x7342, 0x0000, 0x0000, 0x0000, 0x1FF8, 0x1FF8, 0x1FF8,
  0x1FF8, 0x1FF8, 0x1FF8, 0x1FF8, 0x1FF8, 0x1FF8, 0x1FF8, 0x1FF8, 0x1FF8, 0x1FF8, 0x1FF8, 0x1FF8,
  0x1FF8, 0x1FF8, 0x1FF8, 0x1FF8, 0x1FF8, 0x1FF8, 0x1FF8, 0x1FF8, 0x1FF8, 0x1FF8, 0x1FF8, 0x1FF8,
  0x1FF8, 0x1FF8, 0x1FF8, 0x1FF8, 0x1FF8, 0x1FF8, 0x1FF8, 0x1FF8, 0x1FF8, 0x1FF8, 0x1FF8, 0x1FF8,
  0x1FF8, 0x1FF8, 0x1FF8, 0x1FF8, 0x1FF8, 0x1FF8, 0x1FF8, 0x1FF8, 0x1FF8, 0x1FF8, 0x1FF8, 0x1FF8,
  0x1FF8, 0x1FF8, 0x1FF8, 0x1FF8, 0x1FF8, 0x1FF8, 0x1FF8, 0x1FF8, 0x1FF8, 0x1FF8, 0x1FF8, 0x1FF8,
  0x1FF8, 0x1FF8, 0x1FF8, 0x1FF8, 0x1FF8, 0x1FF8, 0x0000, 0x0000, 0x0000, 0x708C, 0x708C, 0x708C,
  0x7DEF, 0x7DEF, 0x7DEF, 0x0000, 0x0000, 0x0000, 0x1443, 0x1443, 0x1443, 0x1443, 0x1443, 0x1443,
  0x1443, 0x1443, 0x1443, 0x1443, 0x1443, 0x1443, 0x1443, 0x1443, 0x1443, 0x1443, 0x1443, 0x1443,
  0x1443, 0x1443, 0x1443, 0x7342, 0x7342, 0x7342, 0x0000, 0x0000, 0x0000, 0x1FF8, 0x1FF8, 0x1FF8,
  0x1FF8, 0x1FF8, 0x1FF8, 0x1FF8, 0x1FF8, 0x1FF8, 0x1FF8, 0x1FF8, 0x1FF8, 0x1FF8, 0x1FF8, 0x1FF8,
  0x1FF8, 0x1FF8, 0x1FF8, 0x1FF8, 0x1FF8, 0x1FF8, 0x1FF8, 0x1FF8, 0x1FF8, 0x1FF8, 0x1FF8, 0x1FF8,
  0x1FF8, 0x1FF8, 0x1FF8, 0x1FF8, 0x1FF8, 0x1FF8, 0x1FF8, 0x1FF8, 0x1FF8, 0x1FF8, 0x1FF8, 0x1FF8,
  0x1FF8, 0x1FF8, 0x1FF8, 0x1FF8, 0x1FF8, 0x1FF8, 0x1FF8, 0x1FF8, 0x1FF8, 0x1FF8, 0x1FF8, 0x1FF8,
  0x1FF8, 0x1FF8, 0x1FF8, 0x1FF8, 0x1FF8, 0x1FF8, 0x1FF8, 0x1FF8, 0x1FF8, 0x1FF8, 0x1FF8, 0x1FF8,
  0x1FF8, 0x1FF8, 0x1FF8, 0x1FF8, 0x1FF8, 0x1FF8, 0x0000, 0x0000, 0x0000, 0x0000, 0x0000, 0x0000,
  0x694A, 0x694A, 0x694A, 0x0000, 0x0000, 0x0000, 0x0000, 0x0000, 0x0000, 0xCB29, 0xCB29, 0xCB29,
  0xED31, 0xED31, 0xED31, 0x1443, 0x1443, 0x1443, 0x1443, 0x1443, 0x1443, 0xCB52, 0xCB52, 0xCB52,
  0xED31, 0xED31, 0xED31, 0x0000, 0x0000, 0x0000, 0x1FF8, 0x1FF8, 0x1FF8, 0x1FF8, 0x1FF8, 0x1FF8,
  0x1FF8, 0x1FF8, 0x1FF8, 0x1FF8, 0x1FF8, 0x1FF8, 0x1FF8, 0x1FF8, 0x1FF8, 0x1FF8, 0x1FF8, 0x1FF8,
  0x1FF8, 0x1FF8, 0x1FF8, 0x1FF8, 0x1FF8, 0x1FF8, 0x1FF8, 0x1FF8, 0x1FF8, 0x1FF8, 0x1FF8, 0x1FF8,
  0x1FF8, 0x1FF8, 0x1FF8, 0x1FF8, 0x1FF8, 0x1FF8, 0x1FF8, 0x1FF8, 0x1FF8, 0x1FF8, 0x1FF8, 0x1FF8,
  0x1FF8, 0x1FF8, 0x1FF8, 0x1FF8, 0x1FF8, 0x1FF8, 0x1FF8, 0x1FF8, 0x1FF8, 0x1FF8, 0x1FF8, 0x1FF8,
  0x1FF8, 0x1FF8, 0x1FF8, 0x1FF8, 0x1FF8, 0x1FF8, 0x1FF8, 0x1FF8, 0x1FF8, 0x1FF8, 0x1FF8, 0x1FF8,
  0x1FF8, 0x1FF8, 0x1FF8, 0x1FF8, 0x1FF8, 0x1FF8, 0x0000, 0x0000, 0x0000, 0x0000, 0x0000, 0x0000,
  0x694A, 0x694A, 0x694A, 0x0000, 0x0000, 0x0000, 0x0000, 0x0000, 0x0000, 0xCB29, 0xCB29, 0xCB29,
  0xED31, 0xED31, 0xED31, 0x1443, 0x1443, 0x1443, 0x1443, 0x1443, 0x1443, 0xCB52, 0xCB52, 0xCB52,
  0xED31, 0xED31, 0xED31, 0x0000, 0x0000, 0x0000, 0x1FF8, 0x1FF8, 0x1FF8, 0x1FF8, 0x1FF8, 0x1FF8,
  0x1FF8, 0x1FF8, 0x1FF8, 0x1FF8, 0x1FF8, 0x1FF8, 0x1FF8, 0x1FF8, 0x1FF8, 0x1FF8, 0x1FF8, 0x1FF8,
  0x1FF8, 0x1FF8, 0x1FF8, 0x1FF8, 0x1FF8, 0x1FF8, 0x1FF8, 0x1FF8, 0x1FF8, 0x1FF8, 0x1FF8, 0x1FF8,
  0x1FF8, 0x1FF8, 0x1FF8, 0x1FF8, 0x1FF8, 0x1FF8, 0x1FF8, 0x1FF8, 0x1FF8, 0x1FF8, 0x1FF8, 0x1FF8,
  0x1FF8, 0x1FF8, 0x1FF8, 0x1FF8, 0x1FF8, 0x1FF8, 0x1FF8, 0x1FF8, 0x1FF8, 0x1FF8, 0x1FF8, 0x1FF8,
  0x1FF8, 0x1FF8, 0x1FF8, 0x1FF8, 0x1FF8, 0x1FF8, 0x1FF8, 0x1FF8, 0x1FF8, 0x1FF8, 0x1FF8, 0x1FF8,
  0x1FF8, 0x1FF8, 0x1FF8, 0x1FF8, 0x1FF8, 0x1FF8, 0x0000, 0x0000, 0x0000, 0x0000, 0x0000, 0x0000,
  0x694A, 0x694A, 0x694A, 0x0000, 0x0000, 0x0000, 0x0000, 0x0000, 0x0000, 0xCB29, 0xCB29, 0xCB29,
  0xED31, 0xED31, 0xED31, 0x1443, 0x1443, 0x1443, 0x1443, 0x1443, 0x1443, 0xCB52, 0xCB52, 0xCB52,
  0xED31, 0xED31, 0xED31, 0x0000, 0x0000, 0x0000, 0x1FF8, 0x1FF8, 0x1FF8, 0x1FF8, 0x1FF8, 0x1FF8,
  0x1FF8, 0x1FF8, 0x1FF8, 0x1FF8, 0x1FF8, 0x1FF8, 0x1FF8, 0x1FF8, 0x1FF8, 0x1FF8, 0x1FF8, 0x1FF8,
  0x1FF8, 0x1FF8, 0x1FF8, 0x1FF8, 0x1FF8, 0x1FF8, 0x1FF8, 0x1FF8, 0x1FF8, 0x1FF8, 0x1FF8, 0x1FF8,
  0x1FF8, 0x1FF8, 0x1FF8, 0x1FF8, 0x1FF8, 0x1FF8, 0x1FF8, 0x1FF8, 0x1FF8, 0x1FF8, 0x1FF8, 0x1FF8,
  0x1FF8, 0x1FF8, 0x1FF8, 0x1FF8, 0x1FF8, 0x1FF8, 0x1FF8, 0x1FF8, 0x1FF8, 0x1FF8, 0x1FF8, 0x1FF8,
  0x1FF8, 0x1FF8, 0x1FF8, 0x1FF8, 0x1FF8, 0x1FF8, 0x1FF8, 0x1FF8, 0x1FF8, 0x1FF8, 0x1FF8, 0x1FF8,
  0x1FF8, 0x1FF8, 0x1FF8, 0x1FF8, 0x1FF8, 0x1FF8, 0x4721, 0x4721, 0x4721, 0x0000, 0x0000, 0x0000,
  0xC120, 0xC120, 0xC120, 0x8110, 0x8110, 0x8110, 0x80A4, 0x80A4, 0x80A4, 0x63E6, 0x63E6, 0x63E6,
  0x0ADD, 0x0ADD, 0x0ADD, 0x818B, 0x818B, 0x818B, 0x818B, 0x818B, 0x818B, 0xED31, 0xED31, 0xED31,
  0x1443, 0x1443, 0x1443, 0x7342, 0x7342, 0x7342, 0x0000, 0x0000, 0x0000, 0x1FF8, 0x1FF8, 0x1FF8,
  0x1FF8, 0x1FF8, 0x1FF8, 0x1FF8, 0x1FF8, 0x1FF8, 0x1FF8, 0x1FF8, 0x1FF8, 0x1FF8, 0x1FF8, 0x1FF8,
  0x1FF8, 0x1FF8, 0x1FF8, 0x1FF8, 0x1FF8, 0x1FF8, 0x1FF8, 0x1FF8, 0x1FF8, 0x1FF8, 0x1FF8, 0x1FF8,
  0x1FF8, 0x1FF8, 0x1FF8, 0x1FF8, 0x1FF8, 0x1FF8, 0x1FF8, 0x1FF8, 0x1FF8, 0x1FF8, 0x1FF8, 0x1FF8,
  0x1FF8, 0x1FF8, 0x1FF8, 0x1FF8, 0x1FF8, 0x1FF8, 0x1FF8, 0x1FF8, 0x1FF8, 0x1FF8, 0x1FF8, 0x1FF8,
  0x1FF8, 0x1FF8, 0x1FF8, 0x1FF8, 0x1FF8, 0x1FF8, 0x1FF8, 0x1FF8, 0x1FF8, 0x1FF8, 0x1FF8, 0x1FF8,
  0x1FF8, 0x1FF8, 0x1FF8, 0x1FF8, 0x1FF8, 0x1FF8, 0x4721, 0x4721, 0x4721, 0x0000, 0x0000, 0x0000,
  0xC120, 0xC120, 0xC120, 0x8110, 0x8110, 0x8110, 0x80A4, 0x80A4, 0x80A4, 0x63E6, 0x63E6, 0x63E6,
  0x0ADD, 0x0ADD, 0x0ADD, 0x818B, 0x818B, 0x818B, 0x818B, 0x818B, 0x818B, 0xED31, 0xED31, 0xED31,
  0x1443, 0x1443, 0x1443, 0x7342, 0x7342, 0x7342, 0x0000, 0x0000, 0x0000, 0x1FF8, 0x1FF8, 0x1FF8,
  0x1FF8, 0x1FF8, 0x1FF8, 0x1FF8, 0x1FF8, 0x1FF8, 0x1FF8, 0x1FF8, 0x1FF8, 0x1FF8, 0x1FF8, 0x1FF8,
  0x1FF8, 0x1FF8, 0x1FF8, 0x1FF8, 0x1FF8, 0x1FF8, 0x1FF8, 0x1FF8, 0x1FF8, 0x1FF8, 0x1FF8, 0x1FF8,
  0x1FF8, 0x1FF8, 0x1FF8, 0x1FF8, 0x1FF8, 0x1FF8, 0x1FF8, 0x1FF8, 0x1FF8, 0x1FF8, 0x1FF8, 0x1FF8,
  0x1FF8, 0x1FF8, 0x1FF8, 0x1FF8, 0x1FF8, 0x1FF8, 0x1FF8, 0x1FF8, 0x1FF8, 0x1FF8, 0x1FF8, 0x1FF8,
  0x1FF8, 0x1FF8, 0x1FF8, 0x1FF8, 0x1FF8, 0x1FF8, 0x1FF8, 0x1FF8, 0x1FF8, 0x1FF8, 0x1FF8, 0x1FF8,
  0x1FF8, 0x1FF8, 0x1FF8, 0x1FF8, 0x1FF8, 0x1FF8, 0x4721, 0x4721, 0x4721, 0x0000, 0x0000, 0x0000,
  0xC120, 0xC120, 0xC120, 0x8110, 0x8110, 0x8110, 0x80A4, 0x80A4, 0x80A4, 0x63E6, 0x63E6, 0x63E6,
  0x0ADD, 0x0ADD, 0x0ADD, 0x818B, 0x818B, 0x818B, 0x818B, 0x818B, 0x818B, 0xED31, 0xED31, 0xED31,
  0x1443, 0x1443, 0x1443, 0x7342, 0x7342, 0x7342, 0x0000, 0x0000, 0x0000, 0x1FF8, 0x1FF8, 0x1FF8,
  0x1FF8, 0x1FF8, 0x1FF8, 0x1FF8, 0x1FF8, 0x1FF8, 0x1FF8, 0x1FF8, 0x1FF8, 0x1FF8, 0x1FF8, 0x1FF8,
  0x1FF8, 0x1FF8, 0x1FF8, 0x1FF8, 0x1FF8, 0x1FF8, 0x1FF8, 0x1FF8, 0x1FF8, 0x1FF8, 0x1FF8, 0x1FF8,
  0x1FF8, 0x1FF8, 0x1FF8, 0x1FF8, 0x1FF8, 0x1FF8, 0x1FF8, 0x1FF8, 0x1FF8, 0x1FF8, 0x1FF8, 0x1FF8,
  0x1FF8, 0x1FF8, 0x1FF8, 0x1FF8, 0x1FF8, 0x1FF8, 0x1FF8, 0x1FF8, 0x1FF8, 0x1FF8, 0x1FF8, 0x1FF8,
  0x1FF8, 0x1FF8, 0x1FF8, 0x1FF8, 0x1FF8, 0x1FF8, 0x1FF8, 0x1FF8, 0x1FF8, 0x1FF8, 0x1FF8, 0x1FF8,
  0x1FF8, 0x1FF8, 0x1FF8, 0x1FF8, 0x1FF8, 0x1FF8, 0x0000, 0x0000, 0x0000, 0x036A, 0x036A, 0x036A,
  0x867A, 0x867A, 0x867A, 0xC87A, 0xC87A, 0xC87A, 0x2572, 0x2572, 0x2572, 0x8449, 0x8449, 0x8449,
  0xC120, 0xC120, 0xC120, 0xC120, 0xC120, 0xC120, 0xC120, 0xC120, 0xC120, 0x818B, 0x818B, 0x818B,
  0x818B, 0x818B, 0x818B, 0xC120, 0xC120, 0xC120, 0x0000, 0x0000, 0x0000, 0x1FF8, 0x1FF8, 0x1FF8,
  0x1FF8, 0x1FF8, 0x1FF8, 0x1FF8, 0x1FF8, 0x1FF8, 0x1FF8, 0x1FF8, 0x1FF8, 0x1FF8, 0x1FF8, 0x1FF8,
  0x1FF8, 0x1FF8, 0x1FF8, 0x1FF8, 0x1FF8, 0x1FF8, 0x1FF8, 0x1FF8, 0x1FF8, 0x1FF8, 0x1FF8, 0x1FF8,
  0x1FF8, 0x1FF8, 0x1FF8, 0x1FF8, 0x1FF8, 0x1FF8, 0x1FF8, 0x1FF8, 0x1FF8, 0x1FF8, 0x1FF8, 0x1FF8,
  0x1FF8, 0x1FF8, 0x1FF8, 0x1FF8, 0x1FF8, 0x1FF8, 0x1FF8, 0x1FF8, 0x1FF8, 0x1FF8, 0x1FF8, 0x1FF8,
  0x1FF8, 0x1FF8, 0x1FF8, 0x1FF8, 0x1FF8, 0x1FF8, 0x1FF8, 0x1FF8, 0x1FF8, 0x1FF8, 0x1FF8, 0x1FF8,
  0x1FF8, 0x1FF8, 0x1FF8, 0x1FF8, 0x1FF8, 0x1FF8, 0x0000, 0x0000, 0x0000, 0x036A, 0x036A, 0x036A,
  0x867A, 0x867A, 0x867A, 0xC87A, 0xC87A, 0xC87A, 0x2572, 0x2572, 0x2572, 0x8449, 0x8449, 0x8449,
  0xC120, 0xC120, 0xC120, 0xC120, 0xC120, 0xC120, 0xC120, 0xC120, 0xC120, 0x818B, 0x818B, 0x818B,
  0x818B, 0x818B, 0x818B, 0xC120, 0xC120, 0xC120, 0x0000, 0x0000, 0x0000, 0x1FF8, 0x1FF8, 0x1FF8,
  0x1FF8, 0x1FF8, 0x1FF8, 0x1FF8, 0x1FF8, 0x1FF8, 0x1FF8, 0x1FF8, 0x1FF8, 0x1FF8, 0x1FF8, 0x1FF8,
  0x1FF8, 0x1FF8, 0x1FF8, 0x1FF8, 0x1FF8, 0x1FF8, 0x1FF8, 0x1FF8, 0x1FF8, 0x1FF8, 0x1FF8, 0x1FF8,
  0x1FF8, 0x1FF8, 0x1FF8, 0x1FF8, 0x1FF8, 0x1FF8, 0x1FF8, 0x1FF8, 0x1FF8, 0x1FF8, 0x1FF8, 0x1FF8,
  0x1FF8, 0x1FF8, 0x1FF8, 0x1FF8, 0x1FF8, 0x1FF8, 0x1FF8, 0x1FF8, 0x1FF8, 0x1FF8, 0x1FF8, 0x1FF8,
  0x1FF8, 0x1FF8, 0x1FF8, 0x1FF8, 0x1FF8, 0x1FF8, 0x1FF8, 0x1FF8, 0x1FF8, 0x1FF8, 0x1FF8, 0x1FF8,
  0x1FF8, 0x1FF8, 0x1FF8, 0x1FF8, 0x1FF8, 0x1FF8, 0x0000, 0x0000, 0x0000, 0x036A, 0x036A, 0x036A,
  0x867A, 0x867A, 0x867A, 0xC87A, 0xC87A, 0xC87A, 0x2572, 0x2572, 0x2572, 0x8449, 0x8449, 0x8449,
  0xC120, 0xC120, 0xC120, 0xC120, 0xC120, 0xC120, 0xC120, 0xC120, 0xC120, 0x818B, 0x818B, 0x818B,
  0x818B, 0x818B, 0x818B, 0xC120, 0xC120, 0xC120, 0x0000, 0x0000, 0x0000, 0x1FF8, 0x1FF8, 0x1FF8,
  0x1FF8, 0x1FF8, 0x1FF8, 0x1FF8, 0x1FF8, 0x1FF8, 0x1FF8, 0x1FF8, 0x1FF8, 0x1FF8, 0x1FF8, 0x1FF8,
  0x1FF8, 0x1FF8, 0x1FF8, 0x1FF8, 0x1FF8, 0x1FF8, 0x1FF8, 0x1FF8, 0x1FF8, 0x1FF8, 0x1FF8, 0x1FF8,
  0x1FF8, 0x1FF8, 0x1FF8, 0x1FF8, 0x1FF8, 0x1FF8, 0x1FF8, 0x1FF8, 0x1FF8, 0x1FF8, 0x1FF8, 0x1FF8,
  0x1FF8, 0x1FF8, 0x1FF8, 0x1FF8, 0x1FF8, 0x1FF8, 0x1FF8, 0x1FF8, 0x1FF8, 0x1FF8, 0x1FF8, 0x1FF8,
  0x1FF8, 0x1FF8, 0x1FF8, 0x1FF8, 0x1FF8, 0x1FF8, 0x1FF8, 0x1FF8, 0x1FF8, 0x1FF8, 0x1FF8, 0x1FF8,
  0x1FF8, 0x1FF8, 0x1FF8, 0x0000, 0x0000, 0x0000, 0xC451, 0xC451, 0xC451, 0xC87A, 0xC87A, 0xC87A,
  0xC87A, 0xC87A, 0xC87A, 0xC87A, 0xC87A, 0xC87A, 0x0139, 0x0139, 0x0139, 0xC87A, 0xC87A, 0xC87A,
  0xC87A, 0xC87A, 0xC87A, 0xC87A, 0xC87A, 0xC87A, 0x2572, 0x2572, 0x2572, 0x2572, 0x2572, 0x2572,
  0x0139, 0x0139, 0x0139, 0x2572, 0x2572, 0x2572, 0xC87A, 0xC87A, 0xC87A, 0x0000, 0x0000, 0x0000,
  0x1FF8, 0x1FF8, 0x1FF8, 0x1FF8, 0x1FF8, 0x1FF8, 0x1FF8, 0x1FF8, 0x1FF8, 0x1FF8, 0x1FF8, 0x1FF8,
  0x1FF8, 0x1FF8, 0x1FF8, 0x1FF8, 0x1FF8, 0x1FF8, 0x1FF8, 0x1FF8, 0x1FF8, 0x1FF8, 0x1FF8, 0x1FF8,
  0x1FF8, 0x1FF8, 0x1FF8, 0x1FF8, 0x1FF8, 0x1FF8, 0x1FF8, 0x1FF8, 0x1FF8, 0x1FF8, 0x1FF8, 0x1FF8,
  0x1FF8, 0x1FF8, 0x1FF8, 0x1FF8, 0x1FF8, 0x1FF8, 0x1FF8, 0x1FF8, 0x1FF8, 0x1FF8, 0x1FF8, 0x1FF8,
  0x1FF8, 0x1FF8, 0x1FF8, 0x1FF8, 0x1FF8, 0x1FF8, 0x1FF8, 0x1FF8, 0x1FF8, 0x1FF8, 0x1FF8, 0x1FF8,
  0x1FF8, 0x1FF8, 0x1FF8, 0x0000, 0x0000, 0x0000, 0xC451, 0xC451, 0xC451, 0xC87A, 0xC87A, 0xC87A,
  0xC87A, 0xC87A, 0xC87A, 0xC87A, 0xC87A, 0xC87A, 0x0139, 0x0139, 0x0139, 0xC87A, 0xC87A, 0xC87A,
  0xC87A, 0xC87A, 0xC87A, 0xC87A, 0xC87A, 0xC87A, 0x2572, 0x2572, 0x2572, 0x2572, 0x2572, 0x2572,
  0x0139, 0x0139, 0x0139, 0x2572, 0x2572, 0x2572, 0xC87A, 0xC87A, 0xC87A, 0x0000, 0x0000, 0x0000,
  0x1FF8, 0x1FF8, 0x1FF8, 0x1FF8, 0x1FF8, 0x1FF8, 0x1FF8, 0x1FF8, 0x1FF8, 0x1FF8, 0x1FF8, 0x1FF8,
  0x1FF8, 0x1FF8, 0x1FF8, 0x1FF8, 0x1FF8, 0x1FF8, 0x1FF8, 0x1FF8, 0x1FF8, 0x1FF8, 0x1FF8, 0x1FF8,
  0x1FF8, 0x1FF8, 0x1FF8, 0x1FF8, 0x1FF8, 0x1FF8, 0x1FF8, 0x1FF8, 0x1FF8, 0x1FF8, 0x1FF8, 0x1FF8,
  0x1FF8, 0x1FF8, 0x1FF8, 0x1FF8, 0x1FF8, 0x1FF8, 0x1FF8, 0x1FF8, 0x1FF8, 0x1FF8, 0x1FF8, 0x1FF8,
  0x1FF8, 0x1FF8, 0x1FF8, 0x1FF8, 0x1FF8, 0x1FF8, 0x1FF8, 0x1FF8, 0x1FF8, 0x1FF8, 0x1FF8, 0x1FF8,
  0x1FF8, 0x1FF8, 0x1FF8, 0x0000, 0x0000, 0x0000, 0xC451, 0xC451, 0xC451, 0xC87A, 0xC87A, 0xC87A,
  0xC87A, 0xC87A, 0xC87A, 0xC87A, 0xC87A, 0xC87A, 0x0139, 0x0139, 0x0139, 0xC87A, 0xC87A, 0xC87A,
  0xC87A, 0xC87A, 0xC87A, 0xC87A, 0xC87A, 0xC87A, 0x2572, 0x2572, 0x2572, 0x2572, 0x2572, 0x2572,
  0x0139, 0x0139, 0x0139, 0x2572, 0x2572, 0x2572, 0xC87A, 0xC87A, 0xC87A, 0x0000, 0x0000, 0x0000,
  0x1FF8, 0x1FF8, 0x1FF8, 0x1FF8, 0x1FF8, 0x1FF8, 0x1FF8, 0x1FF8, 0x1FF8, 0x1FF8, 0x1FF8, 0x1FF8,
  0x1FF8, 0x1FF8, 0x1FF8, 0x1FF8, 0x1FF8, 0x1FF8, 0x1FF8, 0x1FF8, 0x1FF8, 0x1FF8, 0x1FF8, 0x1FF8,
  0x1FF8, 0x1FF8, 0x1FF8, 0x1FF8, 0x1FF8, 0x1FF8, 0x1FF8, 0x1FF8, 0x1FF8, 0x1FF8, 0x1FF8, 0x1FF8,
  0x1FF8, 0x1FF8, 0x1FF8, 0x1FF8, 0x1FF8, 0x1FF8, 0x1FF8, 0x1FF8, 0x1FF8, 0x1FF8, 0x1FF8, 0x1FF8,
  0x1FF8, 0x1FF8, 0x1FF8, 0x1FF8, 0x1FF8, 0x1FF8, 0x1FF8, 0x1FF8, 0x1FF8, 0x1FF8, 0x1FF8, 0x1FF8,
  0x1FF8, 0x1FF8, 0x1FF8, 0xC120, 0xC120, 0xC120, 0xC87A, 0xC87A, 0xC87A, 0xC87A, 0xC87A, 0xC87A,
  0xC87A, 0xC87A, 0xC87A, 0x2572, 0x2572, 0x2572, 0x036A, 0x036A, 0x036A, 0x0000, 0x0000, 0x0000,
  0x0139, 0x0139, 0x0139, 0x2572, 0x2572, 0x2572, 0xC87A, 0xC87A, 0xC87A, 0xC87A, 0xC87A, 0xC87A,
  0x8449, 0x8449, 0x8449, 0x036A, 0x036A, 0x036A, 0xC87A, 0xC87A, 0xC87A, 0xC87A, 0xC87A, 0xC87A,
  0x0000, 0x0000, 0x0000, 0x1FF8, 0x1FF8, 0x1FF8, 0x1FF8, 0x1FF8, 0x1FF8, 0x1FF8, 0x1FF8, 0x1FF8,
  0x1FF8, 0x1FF8, 0x1FF8, 0x1FF8, 0x1FF8, 0x1FF8, 0x1FF8, 0x1FF8, 0x1FF8, 0x1FF8, 0x1FF8, 0x1FF8,
  0x1FF8, 0x1FF8, 0x1FF8, 0x1FF8, 0x1FF8, 0x1FF8, 0x1FF8, 0x1FF8, 0x1FF8, 0x1FF8, 0x1FF8, 0x1FF8,
  0x1FF8, 0x1FF8, 0x1FF8, 0x1FF8, 0x1FF8, 0x1FF8, 0x1FF8, 0x1FF8, 0x1FF8, 0x1FF8, 0x1FF8, 0x1FF8,
  0x1FF8, 0x1FF8, 0x1FF8, 0x1FF8, 0x1FF8, 0x1FF8, 0x1FF8, 0x1FF8, 0x1FF8, 0x1FF8, 0x1FF8, 0x1FF8,
  0x1FF8, 0x1FF8, 0x1FF8, 0xC120, 0xC120, 0xC120, 0xC87A, 0xC87A, 0xC87A, 0xC87A, 0xC87A, 0xC87A,
  0xC87A, 0xC87A, 0xC87A, 0x2572, 0x2572, 0x2572, 0x036A, 0x036A, 0x036A, 0x0000, 0x0000, 0x0000,
  0x0139, 0x0139, 0x0139, 0x2572, 0x2572, 0x2572, 0xC87A, 0xC87A, 0xC87A, 0xC87A, 0xC87A, 0xC87A,
  0x8449, 0x8449, 0x8449, 0x036A, 0x036A, 0x036A, 0xC87A, 0xC87A, 0xC87A, 0xC87A, 0xC87A, 0xC87A,
  0x0000, 0x0000, 0x0000, 0x1FF8, 0x1FF8, 0x1FF8, 0x1FF8, 0x1FF8, 0x1FF8, 0x1FF8, 0x1FF8, 0x1FF8,
  0x1FF8, 0x1FF8, 0x1FF8, 0x1FF8, 0x1FF8, 0x1FF8, 0x1FF8, 0x1FF8, 0x1FF8, 0x1FF8, 0x1FF8, 0x1FF8,
  0x1FF8, 0x1FF8, 0x1FF8, 0x1FF8, 0x1FF8, 0x1FF8, 0x1FF8, 0x1FF8, 0x1FF8, 0x1FF8, 0x1FF8, 0x1FF8,
  0x1FF8, 0x1FF8, 0x1FF8, 0x1FF8, 0x1FF8, 0x1FF8, 0x1FF8, 0x1FF8, 0x1FF8, 0x1FF8, 0x1FF8, 0x1FF8,
  0x1FF8, 0x1FF8, 0x1FF8, 0x1FF8, 0x1FF8, 0x1FF8, 0x1FF8, 0x1FF8, 0x1FF8, 0x1FF8, 0x1FF8, 0x1FF8,
  0x1FF8, 0x1FF8, 0x1FF8, 0xC120, 0xC120, 0xC120, 0xC87A, 0xC87A, 0xC87A, 0xC87A, 0xC87A, 0xC87A,
  0xC87A, 0xC87A, 0xC87A, 0x2572, 0x2572, 0x2572, 0x036A, 0x036A, 0x036A, 0x0000, 0x0000, 0x0000,
  0x0139, 0x0139, 0x0139, 0x2572, 0x2572, 0x2572, 0xC87A, 0xC87A, 0xC87A, 0xC87A, 0xC87A, 0xC87A,
  0x8449, 0x8449, 0x8449, 0x036A, 0x036A, 0x036A, 0xC87A, 0xC87A, 0xC87A, 0xC87A, 0xC87A, 0xC87A,
  0x0000, 0x0000, 0x0000, 0x1FF8, 0x1FF8, 0x1FF8, 0x1FF8, 0x1FF8, 0x1FF8, 0x1FF8, 0x1FF8, 0x1FF8,
  0x1FF8, 0x1FF8, 0x1FF8, 0x1FF8, 0x1FF8, 0x1FF8, 0x1FF8, 0x1FF8, 0x1FF8, 0x1FF8, 0x1FF8, 0x1FF8,
  0x1FF8, 0x1FF8, 0x1FF8, 0x1FF8, 0x1FF8, 0x1FF8, 0x1FF8, 0x1FF8, 0x1FF8, 0x1FF8, 0x1FF8, 0x1FF8,
  0x1FF8, 0x1FF8, 0x1FF8, 0x1FF8, 0x1FF8, 0x1FF8, 0x1FF8, 0x1FF8, 0x1FF8, 0x1FF8, 0x1FF8, 0x1FF8,
  0x1FF8, 0x1FF8, 0x1FF8, 0x1FF8, 0x1FF8, 0x1FF8, 0x1FF8, 0x1FF8, 0x1FF8, 0x1FF8, 0x1FF8, 0x1FF8,
  0x1FF8, 0x1FF8, 0x1FF8, 0x0000, 0x0000, 0x0000, 0x2572, 0x2572, 0x2572, 0x2572, 0x2572, 0x2572,
  0x2572, 0x2572, 0x2572, 0xC451, 0xC451, 0xC451, 0x4000, 0x4000, 0x4000, 0xF39C, 0xF39C, 0xF39C,
  0xC318, 0xC318, 0xC318, 0x0000, 0x0000, 0x0000, 0x2572, 0x2572, 0x2572, 0xC87A, 0xC87A, 0xC87A,
  0xC87A, 0xC87A, 0xC87A, 0x0139, 0x0139, 0x0139, 0x0139, 0x0139, 0x0139, 0x2572, 0x2572, 0x2572,
  0xC451, 0xC451, 0xC451, 0x4000, 0x4000, 0x4000, 0x1FF8, 0x1FF8, 0x1FF8, 0x1FF8, 0x1FF8, 0x1FF8,
  0x1FF8, 0x1FF8, 0x1FF8, 0x1FF8, 0x1FF8, 0x1FF8, 0x1FF8, 0x1FF8, 0x1FF8, 0x1FF8, 0x1FF8, 0x1FF8,
  0x1FF8, 0x1FF8, 0x1FF8, 0x1FF8, 0x1FF8, 0x1FF8, 0x1FF8, 0x1FF8, 0x1FF8, 0x1FF8, 0x1FF8, 0x1FF8,
  0x1FF8, 0x1FF8, 0x1FF8, 0x1FF8, 0x1FF8, 0x1FF8, 0x1FF8, 0x1FF8, 0x1FF8, 0x1FF8, 0x1FF8, 0x1FF8,
  0x1FF8, 0x1FF8, 0x1FF8, 0x1FF8, 0x1FF8, 0x1FF8, 0x1FF8, 0x1FF8, 0x1FF8, 0x1FF8, 0x1FF8, 0x1FF8,
  0x1FF8, 0x1FF8, 0x1FF8, 0x0000, 0x0000, 0x0000, 0x2572, 0x2572, 0x2572, 0x2572, 0x2572, 0x2572,
  0x2572, 0x2572, 0x2572, 0xC451, 0xC451, 0xC451, 0x4000, 0x4000, 0x4000, 0xF39C, 0xF39C, 0xF39C,
  0xC318, 0xC318, 0xC318, 0x0000, 0x0000, 0x0000, 0x2572, 0x2572, 0x2572, 0xC87A, 0xC87A, 0xC87A,
  0xC87A, 0xC87A, 0xC87A, 0x0139, 0x0139, 0x0139, 0x0139, 0x0139, 0x0139, 0x2572, 0x2572, 0x2572,
  0xC451, 0xC451, 0xC451, 0x4000, 0x4000, 0x4000, 0x1FF8, 0x1FF8, 0x1FF8, 0x1FF8, 0x1FF8, 0x1FF8,
  0x1FF8, 0x1FF8, 0x1FF8, 0x1FF8, 0x1FF8, 0x1FF8, 0x1FF8, 0x1FF8, 0x1FF8, 0x1FF8, 0x1FF8, 0x1FF8,
  0x1FF8, 0x1FF8, 0x1FF8, 0x1FF8, 0x1FF8, 0x1FF8, 0x1FF8, 0x1FF8, 0x1FF8, 0x1FF8, 0x1FF8, 0x1FF8,
  0x1FF8, 0x1FF8, 0x1FF8, 0x1FF8, 0x1FF8, 0x1FF8, 0x1FF8, 0x1FF8, 0x1FF8, 0x1FF8, 0x1FF8, 0x1FF8,
  0x1FF8, 0x1FF8, 0x1FF8, 0x1FF8, 0x1FF8, 0x1FF8, 0x1FF8, 0x1FF8, 0x1FF8, 0x1FF8, 0x1FF8, 0x1FF8,
  0x1FF8, 0x1FF8, 0x1FF8, 0x0000, 0x0000, 0x0000, 0x2572, 0x2572, 0x2572, 0x2572, 0x2572, 0x2572,
  0x2572, 0x2572, 0x2572, 0xC451, 0xC451, 0xC451, 0x4000, 0x4000, 0x4000, 0xF39C, 0xF39C, 0xF39C,
  0xC318, 0xC318, 0xC318, 0x0000, 0x0000, 0x0000, 0x2572, 0x2572, 0x2572, 0xC87A, 0xC87A, 0xC87A,
  0xC87A, 0xC87A, 0xC87A, 0x0139, 0x0139, 0x0139, 0x0139, 0x0139, 0x0139, 0x2572, 0x2572, 0x2572,
  0xC451, 0xC451, 0xC451, 0x4000, 0x4000, 0x4000, 0x1FF8, 0x1FF8, 0x1FF8, 0x1FF8, 0x1FF8, 0x1FF8,
  0x1FF8, 0x1FF8, 0x1FF8, 0x1FF8, 0x1FF8, 0x1FF8, 0x1FF8, 0x1FF8, 0x1FF8, 0x1FF8, 0x1FF8, 0x1FF8,
  0x1FF8, 0x1FF8, 0x1FF8, 0x1FF8, 0x1FF8, 0x1FF8, 0x1FF8, 0x1FF8, 0x1FF8, 0x1FF8, 0x1FF8, 0x1FF8,
  0x1FF8, 0x1FF8, 0x1FF8, 0x1FF8, 0x1FF8, 0x1FF8, 0x1FF8, 0x1FF8, 0x1FF8, 0x1FF8, 0x1FF8, 0x1FF8,
  0x1FF8, 0x1FF8, 0x1FF8, 0x1FF8, 0x1FF8, 0x1FF8, 0x1FF8, 0x1FF8, 0x1FF8, 0x1FF8, 0x1FF8, 0x1FF8,
  0x1FF8, 0x1FF8, 0x1FF8, 0x1FF8, 0x1FF8, 0x1FF8, 0x0000, 0x0000, 0x0000, 0x8449, 0x8449, 0x8449,
  0x2572, 0x2572, 0x2572, 0x867A, 0x867A, 0x867A, 0x036A, 0x036A, 0x036A, 0x0000, 0x0000, 0x0000,
  0xED31, 0xED31, 0xED31, 0x0421, 0x0421, 0x0421, 0x8110, 0x8110, 0x8110, 0x2572, 0x2572, 0x2572,
  0xC87A, 0xC87A, 0xC87A, 0xC87A, 0xC87A, 0xC87A, 0x2572, 0x2572, 0x2572, 0x0139, 0x0139, 0x0139,
  0x4149, 0x4149, 0x4149, 0x0000, 0x0000, 0x0000, 0x1FF8, 0x1FF8, 0x1FF8, 0x1FF8, 0x1FF8, 0x1FF8,
  0x1FF8, 0x1FF8, 0x1FF8, 0x1FF8, 0x1FF8, 0x1FF8, 0x1FF8, 0x1FF8, 0x1FF8, 0x1FF8, 0x1FF8, 0x1FF8,
  0x1FF8, 0x1FF8, 0x1FF8, 0x1FF8, 0x1FF8, 0x1FF8, 0x1FF8, 0x1FF8, 0x1FF8, 0x1FF8, 0x1FF8, 0x1FF8,
  0x1FF8, 0x1FF8, 0x1FF8, 0x1FF8, 0x1FF8, 0x1FF8, 0x1FF8, 0x1FF8, 0x1FF8, 0x1FF8, 0x1FF8, 0x1FF8,
  0x1FF8, 0x1FF8, 0x1FF8, 0x1FF8, 0x1FF8, 0x1FF8, 0x1FF8, 0x1FF8, 0x1FF8, 0x1FF8, 0x1FF8, 0x1FF8,
  0x1FF8, 0x1FF8, 0x1FF8, 0x1FF8, 0x1FF8, 0x1FF8, 0x0000, 0x0000, 0x0000, 0x8449, 0x8449, 0x8449,
  0x2572, 0x2572, 0x2572, 0x867A, 0x867A, 0x867A, 0x036A, 0x036A, 0x036A, 0x0000, 0x0000, 0x0000,
  0xED31, 0xED31, 0xED31, 0x0421, 0x0421, 0x0421, 0x8110, 0x8110, 0x8110, 0x2572, 0x2572, 0x2572,
  0xC87A, 0xC87A, 0xC87A, 0xC87A, 0xC87A, 0xC87A, 0x2572, 0x2572, 0x2572, 0x0139, 0x0139, 0x0139,
  0x4149, 0x4149, 0x4149, 0x0000, 0x0000, 0x0000, 0x1FF8, 0x1FF8, 0x1FF8, 0x1FF8, 0x1FF8, 0x1FF8,
  0x1FF8, 0x1FF8, 0x1FF8, 0x1FF8, 0x1FF8, 0x1FF8, 0x1FF8, 0x1FF8, 0x1FF8, 0x1FF8, 0x1FF8, 0x1FF8,
  0x1FF8, 0x1FF8, 0x1FF8, 0x1FF8, 0x1FF8, 0x1FF8, 0x1FF8, 0x1FF8, 0x1FF8, 0x1FF8, 0x1FF8, 0x1FF8,
  0x1FF8, 0x1FF8, 0x1FF8, 0x1FF8, 0x1FF8, 0x1FF8, 0x1FF8, 0x1FF8, 0x1FF8, 0x1FF8, 0x1FF8, 0x1FF8,
  0x1FF8, 0x1FF8, 0x1FF8, 0x1FF8, 0x1FF8, 0x1FF8, 0x1FF8, 0x1FF8, 0x1FF8, 0x1FF8, 0x1FF8, 0x1FF8,
  0x1FF8, 0x1FF8, 0x1FF8, 0x1FF8, 0x1FF8, 0x1FF8, 0x0000, 0x0000, 0x0000, 0x8449, 0x8449, 0x8449,
  0x2572, 0x2572, 0x2572, 0x867A, 0x867A, 0x867A, 0x036A, 0x036A, 0x036A, 0x0000, 0x0000, 0x0000,
  0xED31, 0xED31, 0xED31, 0x0421, 0x0421, 0x0421, 0x8110, 0x8110, 0x8110, 0x2572, 0x2572, 0x2572,
  0xC87A, 0xC87A, 0xC87A, 0xC87A, 0xC87A, 0xC87A, 0x2572, 0x2572, 0x2572, 0x0139, 0x0139, 0x0139,
  0x4149, 0x4149, 0x4149, 0x0000, 0x0000, 0x0000, 0x1FF8, 0x1FF8, 0x1FF8, 0x1FF8, 0x1FF8, 0x1FF8,
  0x1FF8, 0x1FF8, 0x1FF8, 0x1FF8, 0x1FF8, 0x1FF8, 0x1FF8, 0x1FF8, 0x1FF8, 0x1FF8, 0x1FF8, 0x1FF8,
  0x1FF8, 0x1FF8, 0x1FF8, 0x1FF8, 0x1FF8, 0x1FF8, 0x1FF8, 0x1FF8, 0x1FF8, 0x1FF8, 0x1FF8, 0x1FF8,
  0x1FF8, 0x1FF8, 0x1FF8, 0x1FF8, 0x1FF8, 0x1FF8, 0x1FF8, 0x1FF8, 0x1FF8, 0x1FF8, 0x1FF8, 0x1FF8,
  0x1FF8, 0x1FF8, 0x1FF8, 0x1FF8, 0x1FF8, 0x1FF8, 0x1FF8, 0x1FF8, 0x1FF8, 0x1FF8, 0x1FF8, 0x1FF8,
  0x1FF8, 0x1FF8, 0x1FF8, 0x1FF8, 0x1FF8, 0x1FF8, 0x1FF8, 0x1FF8, 0x1FF8, 0x0000, 0x0000, 0x0000,
  0x0000, 0x0000, 0x0000, 0x4000, 0x4000, 0x4000, 0x0000, 0x0000, 0x0000, 0x708C, 0x708C, 0x708C,
  0x56AD, 0x56AD, 0x56AD, 0x0000, 0x0000, 0x0000, 0x1FF8, 0x1FF8, 0x1FF8, 0x8110, 0x8110, 0x8110,
  0x2572, 0x2572, 0x2572, 0xC87A, 0xC87A, 0xC87A, 0xC87A, 0xC87A, 0xC87A, 0xC87A, 0xC87A, 0xC87A,
  0x2572, 0x2572, 0x2572, 0x4000, 0x4000, 0x4000, 0x1FF8, 0x1FF8, 0x1FF8, 0x1FF8, 0x1FF8, 0x1FF8,
  0x1FF8, 0x1FF8, 0x1FF8, 0x1FF8, 0x1FF8, 0x1FF8, 0x1FF8, 0x1FF8, 0x1FF8, 0x1FF8, 0x1FF8, 0x1FF8,
  0x1FF8, 0x1FF8, 0x1FF8, 0x1FF8, 0x1FF8, 0x1FF8, 0x1FF8, 0x1FF8, 0x1FF8, 0x1FF8, 0x1FF8, 0x1FF8,
  0x1FF8, 0x1FF8, 0x1FF8, 0x1FF8, 0x1FF8, 0x1FF8, 0x1FF8, 0x1FF8, 0x1FF8, 0x1FF8, 0x1FF8, 0x1FF8,
  0x1FF8, 0x1FF8, 0x1FF8, 0x1FF8, 0x1FF8, 0x1FF8, 0x1FF8, 0x1FF8, 0x1FF8, 0x1FF8, 0x1FF8, 0x1FF8,
  0x1FF8, 0x1FF8, 0x1FF8, 0x1FF8, 0x1FF8, 0x1FF8, 0x1FF8, 0x1FF8, 0x1FF8, 0x0000, 0x0000, 0x0000,
  0x0000, 0x0000, 0x0000, 0x4000, 0x4000, 0x4000, 0x0000, 0x0000, 0x0000, 0x708C, 0x708C, 0x708C,
  0x56AD, 0x56AD, 0x56AD, 0x0000, 0x0000, 0x0000, 0x1FF8, 0x1FF8, 0x1FF8, 0x8110, 0x8110, 0x8110,
  0x2572, 0x2572, 0x2572, 0xC87A, 0xC87A, 0xC87A, 0xC87A, 0xC87A, 0xC87A, 0xC87A, 0xC87A, 0xC87A,
  0x2572, 0x2572, 0x2572, 0x4000, 0x4000, 0x4000, 0x1FF8, 0x1FF8, 0x1FF8, 0x1FF8, 0x1FF8, 0x1FF8,
  0x1FF8, 0x1FF8, 0x1FF8, 0x1FF8, 0x1FF8, 0x1FF8, 0x1FF8, 0x1FF8, 0x1FF8, 0x1FF8, 0x1FF8, 0x1FF8,
  0x1FF8, 0x1FF8, 0x1FF8, 0x1FF8, 0x1FF8, 0x1FF8, 0x1FF8, 0x1FF8, 0x1FF8, 0x1FF8, 0x1FF8, 0x1FF8,
  0x1FF8, 0x1FF8, 0x1FF8, 0x1FF8, 0x1FF8, 0x1FF8, 0x1FF8, 0x1FF8, 0x1FF8, 0x1FF8, 0x1FF8, 0x1FF8,
  0x1FF8, 0x1FF8, 0x1FF8, 0x1FF8, 0x1FF8, 0x1FF8, 0x1FF8, 0x1FF8, 0x1FF8, 0x1FF8, 0x1FF8, 0x1FF8,
  0x1FF8, 0x1FF8, 0x1FF8, 0x1FF8, 0x1FF8, 0x1FF8, 0x1FF8, 0x1FF8, 0x1FF8, 0x0000, 0x0000, 0x0000,
  0x0000, 0x0000, 0x0000, 0x4000, 0x4000, 0x4000, 0x0000, 0x0000, 0x0000, 0x708C, 0x708C, 0x708C,
  0x56AD, 0x56AD, 0x56AD, 0x0000, 0x0000, 0x0000, 0x1FF8, 0x1FF8, 0x1FF8, 0x8110, 0x8110, 0x8110,
  0x2572, 0x2572, 0x2572, 0xC87A, 0xC87A, 0xC87A, 0xC87A, 0xC87A, 0xC87A, 0xC87A, 0xC87A, 0xC87A,
  0x2572, 0x2572, 0x2572, 0x4000, 0x4000, 0x4000, 0x1FF8, 0x1FF8, 0x1FF8, 0x1FF8, 0x1FF8, 0x1FF8,
  0x1FF8, 0x1FF8, 0x1FF8, 0x1FF8, 0x1FF8, 0x1FF8, 0x1FF8, 0x1FF8, 0x1FF8, 0x1FF8, 0x1FF8, 0x1FF8,
  0x1FF8, 0x1FF8, 0x1FF8, 0x1FF8, 0x1FF8, 0x1FF8, 0x1FF8, 0x1FF8, 0x1FF8, 0x1FF8, 0x1FF8, 0x1FF8,
  0x1FF8, 0x1FF8, 0x1FF8, 0x1FF8, 0x1FF8, 0x1FF8, 0x1FF8, 0x1FF8, 0x1FF8, 0x1FF8, 0x1FF8, 0x1FF8,
  0x1FF8, 0x1FF8, 0x1FF8, 0x1FF8, 0x1FF8, 0x1FF8, 0x1FF8, 0x1FF8, 0x1FF8, 0x1FF8, 0x1FF8, 0x1FF8,
  0x1FF8, 0x1FF8, 0x1FF8, 0x1FF8, 0x1FF8, 0x1FF8, 0x1FF8, 0x1FF8, 0x1FF8, 0x0000, 0x0000, 0x0000,
  0xED31, 0xED31, 0xED31, 0x1443, 0x1443, 0x1443, 0x7342, 0x7342, 0x7342, 0x56AD, 0x56AD, 0x56AD,
  0x5243, 0x5243, 0x5243, 0x0000, 0x0000, 0x0000, 0x1FF8, 0x1FF8, 0x1FF8, 0x0000, 0x0000, 0x0000,
  0x4149, 0x4149, 0x4149, 0x2572, 0x2572, 0x2572, 0x4149, 0x4149, 0x4149, 0x0000, 0x0000, 0x0000,
  0xC451, 0xC451, 0xC451, 0x4000, 0x4000, 0x4000, 0x1FF8, 0x1FF8, 0x1FF8, 0x1FF8, 0x1FF8, 0x1FF8,
  0x1FF8, 0x1FF8, 0x1FF8, 0x1FF8, 0x1FF8, 0x1FF8, 0x1FF8, 0x1FF8, 0x1FF8, 0x1FF8, 0x1FF8, 0x1FF8,
  0x1FF8, 0x1FF8, 0x1FF8, 0x1FF8, 0x1FF8, 0x1FF8, 0x1FF8, 0x1FF8, 0x1FF8, 0x1FF8, 0x1FF8, 0x1FF8,
  0x1FF8, 0x1FF8, 0x1FF8, 0x1FF8, 0x1FF8, 0x1FF8, 0x1FF8, 0x1FF8, 0x1FF8, 0x1FF8, 0x1FF8, 0x1FF8,
  0x1FF8, 0x1FF8, 0x1FF8, 0x1FF8, 0x1FF8, 0x1FF8, 0x1FF8, 0x1FF8, 0x1FF8, 0x1FF8, 0x1FF8, 0x1FF8,
  0x1FF8, 0x1FF8, 0x1FF8, 0x1FF8, 0x1FF8, 0x1FF8, 0x1FF8, 0x1FF8, 0x1FF8, 0x0000, 0x0000, 0x0000,
  0xED31, 0xED31, 0xED31, 0x1443, 0x1443, 0x1443, 0x7342, 0x7342, 0x7342, 0x56AD, 0x56AD, 0x56AD,
  0x5243, 0x5243, 0x5243, 0x0000, 0x0000, 0x0000, 0x1FF8, 0x1FF8, 0x1FF8, 0x0000, 0x0000, 0x0000,
  0x4149, 0x4149, 0x4149, 0x2572, 0x2572, 0x2572, 0x4149, 0x4149, 0x4149, 0x0000, 0x0000, 0x0000,
  0xC451, 0xC451, 0xC451, 0x4000, 0x4000, 0x4000, 0x1FF8, 0x1FF8, 0x1FF8, 0x1FF8, 0x1FF8, 0x1FF8,
  0x1FF8, 0x1FF8, 0x1FF8, 0x1FF8, 0x1FF8, 0x1FF8, 0x1FF8, 0x1FF8, 0x1FF8, 0x1FF8, 0x1FF8, 0x1FF8,
  0x1FF8, 0x1FF8, 0x1FF8, 0x1FF8, 0x1FF8, 0x1FF8, 0x1FF8, 0x1FF8, 0x1FF8, 0x1FF8, 0x1FF8, 0x1FF8,
  0x1FF8, 0x1FF8, 0x1FF8, 0x1FF8, 0x1FF8, 0x1FF8, 0x1FF8, 0x1FF8, 0x1FF8, 0x1FF8, 0x1FF8, 0x1FF8,
  0x1FF8, 0x1FF8, 0x1FF8, 0x1FF8, 0x1FF8, 0x1FF8, 0x1FF8, 0x1FF8, 0x1FF8, 0x1FF8, 0x1FF8, 0x1FF8,
  0x1FF8, 0x1FF8, 0x1FF8, 0x1FF8, 0x1FF8, 0x1FF8, 0x1FF8, 0x1FF8, 0x1FF8, 0x0000, 0x0000, 0x0000,
  0xED31, 0xED31, 0xED31, 0x1443, 0x1443, 0x1443, 0x7342, 0x7342, 0x7342, 0x56AD, 0x56AD, 0x56AD,
  0x5243, 0x5243, 0x5243, 0x0000, 0x0000, 0x0000, 0x1FF8, 0x1FF8, 0x1FF8, 0x0000, 0x0000, 0x0000,
  0x4149, 0x4149, 0x4149, 0x2572, 0x2572, 0x2572, 0x4149, 0x4149, 0x4149, 0x0000, 0x0000, 0x0000,
  0xC451, 0xC451, 0xC451, 0x4000, 0x4000, 0x4000, 0x1FF8, 0x1FF8, 0x1FF8, 0x1FF8, 0x1FF8, 0x1FF8,
  0x1FF8, 0x1FF8, 0x1FF8, 0x1FF8, 0x1FF8, 0x1FF8, 0x1FF8, 0x1FF8, 0x1FF8, 0x1FF8, 0x1FF8, 0x1FF8,
  0x1FF8, 0x1FF8, 0x1FF8, 0x1FF8, 0x1FF8, 0x1FF8, 0x1FF8, 0x1FF8, 0x1FF8, 0x1FF8, 0x1FF8, 0x1FF8,
  0x1FF8, 0x1FF8, 0x1FF8, 0x1FF8, 0x1FF8, 0x1FF8, 0x1FF8, 0x1FF8, 0x1FF8, 0x1FF8, 0x1FF8, 0x1FF8,
  0x1FF8, 0x1FF8, 0x1FF8, 0x1FF8, 0x1FF8, 0x1FF8, 0x1FF8, 0x1FF8, 0x1FF8, 0x1FF8, 0x1FF8, 0x1FF8,
  0x1FF8, 0x1FF8, 0x1FF8, 0x1FF8, 0x1FF8, 0x1FF8, 0x1FF8, 0x1FF8, 0x1FF8, 0x0000, 0x0000, 0x0000,
  0x1443, 0x1443, 0x1443, 0x7342, 0x7342, 0x7342, 0x708C, 0x708C, 0x708C, 0x56AD, 0x56AD, 0x56AD,
  0x0000, 0x0000, 0x0000, 0x1FF8, 0x1FF8, 0x1FF8, 0x1FF8, 0x1FF8, 0x1FF8, 0x1FF8, 0x1FF8, 0x1FF8,
  0x0000, 0x0000, 0x0000, 0x0000, 0x0000, 0x0000, 0x0000, 0x0000, 0x0000, 0xAFFD, 0xAFFD, 0xAFFD,
  0x0ADD, 0x0ADD, 0x0ADD, 0x4000, 0x4000, 0x4000, 0x8208, 0x8208, 0x8208, 0x0000, 0x0000, 0x0000,
  0x1FF8, 0x1FF8, 0x1FF8, 0x1FF8, 0x1FF8, 0x1FF8, 0x1FF8, 0x1FF8, 0x1FF8, 0x1FF8, 0x1FF8, 0x1FF8,
  0x1FF8, 0x1FF8, 0x1FF8, 0x1FF8, 0x1FF8, 0x1FF8, 0x1FF8, 0x1FF8, 0x1FF8, 0x1FF8, 0x1FF8, 0x1FF8,
  0x1FF8, 0x1FF8, 0x1FF8, 0x1FF8, 0x1FF8, 0x1FF8, 0x1FF8, 0x1FF8, 0x1FF8, 0x1FF8, 0x1FF8, 0x1FF8,
  0x1FF8, 0x1FF8, 0x1FF8, 0x1FF8, 0x1FF8, 0x1FF8, 0x1FF8, 0x1FF8, 0x1FF8, 0x1FF8, 0x1FF8, 0x1FF8,
  0x1FF8, 0x1FF8, 0x1FF8, 0x1FF8, 0x1FF8, 0x1FF8, 0x1FF8, 0x1FF8, 0x1FF8, 0x0000, 0x0000, 0x0000,
  0x1443, 0x1443, 0x1443, 0x7342, 0x7342, 0x7342, 0x708C, 0x708C, 0x708C, 0x56AD, 0x56AD, 0x56AD,
  0x0000, 0x0000, 0x0000, 0x1FF8, 0x1FF8, 0x1FF8, 0x1FF8, 0x1FF8, 0x1FF8, 0x1FF8, 0x1FF8, 0x1FF8,
  0x0000, 0x0000, 0x0000, 0x0000, 0x0000, 0x0000, 0x0000, 0x0000, 0x0000, 0xAFFD, 0xAFFD, 0xAFFD,
  0x0ADD, 0x0ADD, 0x0ADD, 0x4000, 0x4000, 0x4000, 0x8208, 0x8208, 0x8208, 0x0000, 0x0000, 0x0000,
  0x1FF8, 0x1FF8, 0x1FF8, 0x1FF8, 0x1FF8, 0x1FF8, 0x1FF8, 0x1FF8, 0x1FF8, 0x1FF8, 0x1FF8, 0x1FF8,
  0x1FF8, 0x1FF8, 0x1FF8, 0x1FF8, 0x1FF8, 0x1FF8, 0x1FF8, 0x1FF8, 0x1FF8, 0x1FF8, 0x1FF8, 0x1FF8,
  0x1FF8, 0x1FF8, 0x1FF8, 0x1FF8, 0x1FF8, 0x1FF8, 0x1FF8, 0x1FF8, 0x1FF8, 0x1FF8, 0x1FF8, 0x1FF8,
  0x1FF8, 0x1FF8, 0x1FF8, 0x1FF8, 0x1FF8, 0x1FF8, 0x1FF8, 0x1FF8, 0x1FF8, 0x1FF8, 0x1FF8, 0x1FF8,
  0x1FF8, 0x1FF8, 0x1FF8, 0x1FF8, 0x1FF8, 0x1FF8, 0x1FF8, 0x1FF8, 0x1FF8, 0x0000, 0x0000, 0x0000,
  0x1443, 0x1443, 0x1443, 0x7342, 0x7342, 0x7342, 0x708C, 0x708C, 0x708C, 0x56AD, 0x56AD, 0x56AD,
  0x0000, 0x0000, 0x0000, 0x1FF8, 0x1FF8, 0x1FF8, 0x1FF8, 0x1FF8, 0x1FF8, 0x1FF8, 0x1FF8, 0x1FF8,
  0x0000, 0x0000, 0x0000, 0x0000, 0x0000, 0x0000, 0x0000, 0x0000, 0x0000, 0xAFFD, 0xAFFD, 0xAFFD,
  0x0ADD, 0x0ADD, 0x0ADD, 0x4000, 0x4000, 0x4000, 0x8208, 0x8208, 0x8208, 0x0000, 0x0000, 0x0000,
  0x1FF8, 0x1FF8, 0x1FF8, 0x1FF8, 0x1FF8, 0x1FF8, 0x1FF8, 0x1FF8, 0x1FF8, 0x1FF8, 0x1FF8, 0x1FF8,
  0x1FF8, 0x1FF8, 0x1FF8, 0x1FF8, 0x1FF8, 0x1FF8, 0x1FF8, 0x1FF8, 0x1FF8, 0x1FF8, 0x1FF8, 0x1FF8,
  0x1FF8, 0x1FF8, 0x1FF8, 0x1FF8, 0x1FF8, 0x1FF8, 0x1FF8, 0x1FF8, 0x1FF8, 0x1FF8, 0x1FF8, 0x1FF8,
  0x1FF8, 0x1FF8, 0x1FF8, 0x1FF8, 0x1FF8, 0x1FF8, 0x1FF8, 0x1FF8, 0x1FF8, 0x1FF8, 0x1FF8, 0x1FF8,
  0x1FF8, 0x1FF8, 0x1FF8, 0x1FF8, 0x1FF8, 0x1FF8, 0x4000, 0x4000, 0x4000, 0xF7BD, 0xF7BD, 0xF7BD,
  0xF7BD, 0xF7BD, 0xF7BD, 0xF7BD, 0xF7BD, 0xF7BD, 0xF39C, 0xF39C, 0xF39C, 0xCB52, 0xCB52, 0xCB52,
  0x0000, 0x0000, 0x0000, 0x1FF8, 0x1FF8, 0x1FF8, 0x1FF8, 0x1FF8, 0x1FF8, 0x1FF8, 0x1FF8, 0x1FF8,
  0x1FF8, 0x1FF8, 0x1FF8, 0x1FF8, 0x1FF8, 0x1FF8, 0xC318, 0xC318, 0xC318, 0x708C, 0x708C, 0x708C,
  0x694A, 0x694A, 0x694A, 0xCF7B, 0xCF7B, 0xCF7B, 0xF39C, 0xF39C, 0xF39C, 0x0000, 0x0000, 0x0000,
  0x1FF8, 0x1FF8, 0x1FF8, 0x1FF8, 0x1FF8, 0x1FF8, 0x1FF8, 0x1FF8, 0x1FF8, 0x1FF8, 0x1FF8, 0x1FF8,
  0x1FF8, 0x1FF8, 0x1FF8, 0x1FF8, 0x1FF8, 0x1FF8, 0x1FF8, 0x1FF8, 0x1FF8, 0x1FF8, 0x1FF8, 0x1FF8,
  0x1FF8, 0x1FF8, 0x1FF8, 0x1FF8, 0x1FF8, 0x1FF8, 0x1FF8, 0x1FF8, 0x1FF8, 0x1FF8, 0x1FF8, 0x1FF8,
  0x1FF8, 0x1FF8, 0x1FF8, 0x1FF8, 0x1FF8, 0x1FF8, 0x1FF8, 0x1FF8, 0x1FF8, 0x1FF8, 0x1FF8, 0x1FF8,
  0x1FF8, 0x1FF8, 0x1FF8, 0x1FF8, 0x1FF8, 0x1FF8, 0x4000, 0x4000, 0x4000, 0xF7BD, 0xF7BD, 0xF7BD,
  0xF7BD, 0xF7BD, 0xF7BD, 0xF7BD, 0xF7BD, 0xF7BD, 0xF39C, 0xF39C, 0xF39C, 0xCB52, 0xCB52, 0xCB52,
  0x0000, 0x0000, 0x0000, 0x1FF8, 0x1FF8, 0x1FF8, 0x1FF8, 0x1FF8, 0x1FF8, 0x1FF8, 0x1FF8, 0x1FF8,
  0x1FF8, 0x1FF8, 0x1FF8, 0x1FF8, 0x1FF8, 0x1FF8, 0xC318, 0xC318, 0xC318, 0x708C, 0x708C, 0x708C,
  0x694A, 0x694A, 0x694A, 0xCF7B, 0xCF7B, 0xCF7B, 0xF39C, 0xF39C, 0xF39C, 0x0000, 0x0000, 0x0000,
  0x1FF8, 0x1FF8, 0x1FF8, 0x1FF8, 0x1FF8, 0x1FF8, 0x1FF8, 0x1FF8, 0x1FF8, 0x1FF8, 0x1FF8, 0x1FF8,
  0x1FF8, 0x1FF8, 0x1FF8, 0x1FF8, 0x1FF8, 0x1FF8, 0x1FF8, 0x1FF8, 0x1FF8, 0x1FF8, 0x1FF8, 0x1FF8,
  0x1FF8, 0x1FF8, 0x1FF8, 0x1FF8, 0x1FF8, 0x1FF8, 0x1FF8, 0x1FF8, 0x1FF8, 0x1FF8, 0x1FF8, 0x1FF8,
  0x1FF8, 0x1FF8, 0x1FF8, 0x1FF8, 0x1FF8, 0x1FF8, 0x1FF8, 0x1FF8, 0x1FF8, 0x1FF8, 0x1FF8, 0x1FF8,
  0x1FF8, 0x1FF8, 0x1FF8, 0x1FF8, 0x1FF8, 0x1FF8, 0x4000, 0x4000, 0x4000, 0xF7BD, 0xF7BD, 0xF7BD,
  0xF7BD, 0xF7BD, 0xF7BD, 0xF7BD, 0xF7BD, 0xF7BD, 0xF39C, 0xF39C, 0xF39C, 0xCB52, 0xCB52, 0xCB52,
  0x0000, 0x0000, 0x0000, 0x1FF8, 0x1FF8, 0x1FF8, 0x1FF8, 0x1FF8, 0x1FF8, 0x1FF8, 0x1FF8, 0x1FF8,
  0x1FF8, 0x1FF8, 0x1FF8, 0x1FF8, 0x1FF8, 0x1FF8, 0xC318, 0xC318, 0xC318, 0x708C, 0x708C, 0x708C,
  0x694A, 0x694A, 0x694A, 0xCF7B, 0xCF7B, 0xCF7B, 0xF39C, 0xF39C, 0xF39C, 0x0000, 0x0000, 0x0000,
  0x1FF8, 0x1FF8, 0x1FF8, 0x1FF8, 0x1FF8, 0x1FF8, 0x1FF8, 0x1FF8, 0x1FF8, 0x1FF8, 0x1FF8, 0x1FF8,
  0x1FF8, 0x1FF8, 0x1FF8, 0x1FF8, 0x1FF8, 0x1FF8, 0x1FF8, 0x1FF8, 0x1FF8, 0x1FF8, 0x1FF8, 0x1FF8,
  0x1FF8, 0x1FF8, 0x1FF8, 0x1FF8, 0x1FF8, 0x1FF8, 0x1FF8, 0x1FF8, 0x1FF8, 0x1FF8, 0x1FF8, 0x1FF8,
  0x1FF8, 0x1FF8, 0x1FF8, 0x1FF8, 0x1FF8, 0x1FF8, 0x1FF8, 0x1FF8, 0x1FF8, 0x1FF8, 0x1FF8, 0x1FF8,
  0x1FF8, 0x1FF8, 0x1FF8, 0x1FF8, 0x1FF8, 0x1FF8, 0x0000, 0x0000, 0x0000, 0x7342, 0x7342, 0x7342,
  0xCF7B, 0xCF7B, 0xCF7B, 0xF7BD, 0xF7BD, 0xF7BD, 0x7342, 0x7342, 0x7342, 0x0000, 0x0000, 0x0000,
  0x1FF8, 0x1FF8, 0x1FF8, 0x1FF8, 0x1FF8, 0x1FF8, 0x1FF8, 0x1FF8, 0x1FF8, 0x1FF8, 0x1FF8, 0x1FF8,
  0x1FF8, 0x1FF8, 0x1FF8, 0x1FF8, 0x1FF8, 0x1FF8, 0x0000, 0x0000, 0x0000, 0xF7BD, 0xF7BD, 0xF7BD,
  0x0000, 0x0000, 0x0000, 0xCB29, 0xCB29, 0xCB29, 0xED31, 0xED31, 0xED31, 0x0421, 0x0421, 0x0421,
  0x4000, 0x4000, 0x4000, 0x1FF8, 0x1FF8, 0x1FF8, 0x1FF8, 0x1FF8, 0x1FF8, 0x1FF8, 0x1FF8, 0x1FF8,
  0x1FF8, 0x1FF8, 0x1FF8, 0x1FF8, 0x1FF8, 0x1FF8, 0x1FF8, 0x1FF8, 0x1FF8, 0x1FF8, 0x1FF8, 0x1FF8,
  0x1FF8, 0x1FF8, 0x1FF8, 0x1FF8, 0x1FF8, 0x1FF8, 0x1FF8, 0x1FF8, 0x1FF8, 0x1FF8, 0x1FF8, 0x1FF8,
  0x1FF8, 0x1FF8, 0x1FF8, 0x1FF8, 0x1FF8, 0x1FF8, 0x1FF8, 0x1FF8, 0x1FF8, 0x1FF8, 0x1FF8, 0x1FF8,
  0x1FF8, 0x1FF8, 0x1FF8, 0x1FF8, 0x1FF8, 0x1FF8, 0x0000, 0x0000, 0x0000, 0x7342, 0x7342, 0x7342,
  0xCF7B, 0xCF7B, 0xCF7B, 0xF7BD, 0xF7BD, 0xF7BD, 0x7342, 0x7342, 0x7342, 0x0000, 0x0000, 0x0000,
  0x1FF8, 0x1FF8, 0x1FF8, 0x1FF8, 0x1FF8, 0x1FF8, 0x1FF8, 0x1FF8, 0x1FF8, 0x1FF8, 0x1FF8, 0x1FF8,
  0x1FF8, 0x1FF8, 0x1FF8, 0x1FF8, 0x1FF8, 0x1FF8, 0x0000, 0x0000, 0x0000, 0xF7BD, 0xF7BD, 0xF7BD,
  0x0000, 0x0000, 0x0000, 0xCB29, 0xCB29, 0xCB29, 0xED31, 0xED31, 0xED31, 0x0421, 0x0421, 0x0421,
  0x4000, 0x4000, 0x4000, 0x1FF8, 0x1FF8, 0x1FF8, 0x1FF8, 0x1FF8, 0x1FF8, 0x1FF8, 0x1FF8, 0x1FF8,
  0x1FF8, 0x1FF8, 0x1FF8, 0x1FF8, 0x1FF8, 0x1FF8, 0x1FF8, 0x1FF8, 0x1FF8, 0x1FF8, 0x1FF8, 0x1FF8,
  0x1FF8, 0x1FF8, 0x1FF8, 0x1FF8, 0x1FF8, 0x1FF8, 0x1FF8, 0x1FF8, 0x1FF8, 0x1FF8, 0x1FF8, 0x1FF8,
  0x1FF8, 0x1FF8, 0x1FF8, 0x1FF8, 0x1FF8, 0x1FF8, 0x1FF8, 0x1FF8, 0x1FF8, 0x1FF8, 0x1FF8, 0x1FF8,
  0x1FF8, 0x1FF8, 0x1FF8, 0x1FF8, 0x1FF8, 0x1FF8, 0x0000, 0x0000, 0x0000, 0x7342, 0x7342, 0x7342,
  0xCF7B, 0xCF7B, 0xCF7B, 0xF7BD, 0xF7BD, 0xF7BD, 0x7342, 0x7342, 0x7342, 0x0000, 0x0000, 0x0000,
  0x1FF8, 0x1FF8, 0x1FF8, 0x1FF8, 0x1FF8, 0x1FF8, 0x1FF8, 0x1FF8, 0x1FF8, 0x1FF8, 0x1FF8, 0x1FF8,
  0x1FF8, 0x1FF8, 0x1FF8, 0x1FF8, 0x1FF8, 0x1FF8, 0x0000, 0x0000, 0x0000, 0xF7BD, 0xF7BD, 0xF7BD,
  0x0000, 0x0000, 0x0000, 0xCB29, 0xCB29, 0xCB29, 0xED31, 0xED31, 0xED31, 0x0421, 0x0421, 0x0421,
  0x4000, 0x4000, 0x4000, 0x1FF8, 0x1FF8, 0x1FF8, 0x1FF8, 0x1FF8, 0x1FF8, 0x1FF8, 0x1FF8, 0x1FF8,
  0x1FF8, 0x1FF8, 0x1FF8, 0x1FF8, 0x1FF8, 0x1FF8, 0x1FF8, 0x1FF8, 0x1FF8, 0x1FF8, 0x1FF8, 0x1FF8,
  0x1FF8, 0x1FF8, 0x1FF8, 0x1FF8, 0x1FF8, 0x1FF8, 0x1FF8, 0x1FF8, 0x1FF8, 0x1FF8, 0x1FF8, 0x1FF8,
  0x1FF8, 0x1FF8, 0x1FF8, 0x1FF8, 0x1FF8, 0x1FF8, 0x1FF8, 0x1FF8, 0x1FF8, 0x1FF8, 0x1FF8, 0x1FF8,
  0x1FF8, 0x1FF8, 0x1FF8, 0x1FF8, 0x1FF8, 0x1FF8, 0x0000, 0x0000, 0x0000, 0x7342, 0x7342, 0x7342,
  0x7342, 0x7342, 0x7342, 0x7022, 0x7022, 0x7022, 0xCB29, 0xCB29, 0xCB29, 0x0000, 0x0000, 0x0000,
  0x1FF8, 0x1FF8, 0x1FF8, 0x1FF8, 0x1FF8, 0x1FF8, 0x1FF8, 0x1FF8, 0x1FF8, 0x1FF8, 0x1FF8, 0x1FF8,
  0x1FF8, 0x1FF8, 0x1FF8, 0x1FF8, 0x1FF8, 0x1FF8, 0x0000, 0x0000, 0x0000, 0xC318, 0xC318, 0xC318,
  0x7022, 0x7022, 0x7022, 0x7342, 0x7342, 0x7342, 0x1443, 0x1443, 0x1443, 0x7022, 0x7022, 0x7022,
  0x8208, 0x8208, 0x8208, 0x1FF8, 0x1FF8, 0x1FF8, 0x1FF8, 0x1FF8, 0x1FF8, 0x1FF8, 0x1FF8, 0x1FF8,
  0x1FF8, 0x1FF8, 0x1FF8, 0x1FF8, 0x1FF8, 0x1FF8, 0x1FF8, 0x1FF8, 0x1FF8, 0x1FF8, 0x1FF8, 0x1FF8,
  0x1FF8, 0x1FF8, 0x1FF8, 0x1FF8, 0x1FF8, 0x1FF8, 0x1FF8, 0x1FF8, 0x1FF8, 0x1FF8, 0x1FF8, 0x1FF8,
  0x1FF8, 0x1FF8, 0x1FF8, 0x1FF8, 0x1FF8, 0x1FF8, 0x1FF8, 0x1FF8, 0x1FF8, 0x1FF8, 0x1FF8, 0x1FF8,
  0x1FF8, 0x1FF8, 0x1FF8, 0x1FF8, 0x1FF8, 0x1FF8, 0x0000, 0x0000, 0x0000, 0x7342, 0x7342, 0x7342,
  0x7342, 0x7342, 0x7342, 0x7022, 0x7022, 0x7022, 0xCB29, 0xCB29, 0xCB29, 0x0000, 0x0000, 0x0000,
  0x1FF8, 0x1FF8, 0x1FF8, 0x1FF8, 0x1FF8, 0x1FF8, 0x1FF8, 0x1FF8, 0x1FF8, 0x1FF8, 0x1FF8, 0x1FF8,
  0x1FF8, 0x1FF8, 0x1FF8, 0x1FF8, 0x1FF8, 0x1FF8, 0x0000, 0x0000, 0x0000, 0xC318, 0xC318, 0xC318,
  0x7022, 0x7022, 0x7022, 0x7342, 0x7342, 0x7342, 0x1443, 0x1443, 0x1443, 0x7022, 0x7022, 0x7022,
  0x8208, 0x8208, 0x8208, 0x1FF8, 0x1FF8, 0x1FF8, 0x1FF8, 0x1FF8, 0x1FF8, 0x1FF8, 0x1FF8, 0x1FF8,
  0x1FF8, 0x1FF8, 0x1FF8, 0x1FF8, 0x1FF8, 0x1FF8, 0x1FF8, 0x1FF8, 0x1FF8, 0x1FF8, 0x1FF8, 0x1FF8,
  0x1FF8, 0x1FF8, 0x1FF8, 0x1FF8, 0x1FF8, 0x1FF8, 0x1FF8, 0x1FF8, 0x1FF8, 0x1FF8, 0x1FF8, 0x1FF8,
  0x1FF8, 0x1FF8, 0x1FF8, 0x1FF8, 0x1FF8, 0x1FF8, 0x1FF8, 0x1FF8, 0x1FF8, 0x1FF8, 0x1FF8, 0x1FF8,
  0x1FF8, 0x1FF8, 0x1FF8, 0x1FF8, 0x1FF8, 0x1FF8, 0x0000, 0x0000, 0x0000, 0x7342, 0x7342, 0x7342,
  0x7342, 0x7342, 0x7342, 0x7022, 0x7022, 0x7022, 0xCB29, 0xCB29, 0xCB29, 0x0000, 0x0000, 0x0000,
  0x1FF8, 0x1FF8, 0x1FF8, 0x1FF8, 0x1FF8, 0x1FF8, 0x1FF8, 0x1FF8, 0x1FF8, 0x1FF8, 0x1FF8, 0x1FF8,
  0x1FF8, 0x1FF8, 0x1FF8, 0x1FF8, 0x1FF8, 0x1FF8, 0x0000, 0x0000, 0x0000, 0xC318, 0xC318, 0xC318,
  0x7022, 0x7022, 0x7022, 0x7342, 0x7342, 0x7342, 0x1443, 0x1443, 0x1443, 0x7022, 0x7022, 0x7022,
  0x8208, 0x8208, 0x8208, 0x1FF8, 0x1FF8, 0x1FF8, 0x1FF8, 0x1FF8, 0x1FF8, 0x1FF8, 0x1FF8, 0x1FF8,
  0x1FF8, 0x1FF8, 0x1FF8, 0x1FF8, 0x1FF8, 0x1FF8, 0x1FF8, 0x1FF8, 0x1FF8, 0x1FF8, 0x1FF8, 0x1FF8,
  0x1FF8, 0x1FF8, 0x1FF8, 0x1FF8, 0x1FF8, 0x1FF8, 0x1FF8, 0x1FF8, 0x1FF8, 0x1FF8, 0x1FF8, 0x1FF8,
  0x1FF8, 0x1FF8, 0x1FF8, 0x1FF8, 0x1FF8, 0x1FF8, 0x1FF8, 0x1FF8, 0x1FF8, 0x1FF8, 0x1FF8, 0x1FF8,
  0x1FF8, 0x1FF8, 0x1FF8, 0x1FF8, 0x1FF8, 0x1FF8, 0x1FF8, 0x1FF8, 0x1FF8, 0x0000, 0x0000, 0x0000,
  0x4000, 0x4000, 0x4000, 0x0000, 0x0000, 0x0000, 0x0000, 0x0000, 0x0000, 0x1FF8, 0x1FF8, 0x1FF8,
  0x1FF8, 0x1FF8, 0x1FF8, 0x1FF8, 0x1FF8, 0x1FF8, 0x1FF8, 0x1FF8, 0x1FF8, 0x1FF8, 0x1FF8, 0x1FF8,
  0x1FF8, 0x1FF8, 0x1FF8, 0x1FF8, 0x1FF8, 0x1FF8, 0x0000, 0x0000, 0x0000, 0x0000, 0x0000, 0x0000,
  0xF7BD, 0xF7BD, 0xF7BD, 0x34A5, 0x34A5, 0x34A5, 0x7342, 0x7342, 0x7342, 0x7022, 0x7022, 0x7022,
  0xF7BD, 0xF7BD, 0xF7BD, 0x8208, 0x8208, 0x8208, 0x1FF8, 0x1FF8, 0x1FF8, 0x1FF8, 0x1FF8, 0x1FF8,
  0x1FF8, 0x1FF8, 0x1FF8, 0x1FF8, 0x1FF8, 0x1FF8, 0x1FF8, 0x1FF8, 0x1FF8, 0x1FF8, 0x1FF8, 0x1FF8,
  0x1FF8, 0x1FF8, 0x1FF8, 0x1FF8, 0x1FF8, 0x1FF8, 0x1FF8, 0x1FF8, 0x1FF8, 0x1FF8, 0x1FF8, 0x1FF8,
  0x1FF8, 0x1FF8, 0x1FF8, 0x1FF8, 0x1FF8, 0x1FF8, 0x1FF8, 0x1FF8, 0x1FF8, 0x1FF8, 0x1FF8, 0x1FF8,
  0x1FF8, 0x1FF8, 0x1FF8, 0x1FF8, 0x1FF8, 0x1FF8, 0x1FF8, 0x1FF8, 0x1FF8, 0x0000, 0x0000, 0x0000,
  0x4000, 0x4000, 0x4000, 0x0000, 0x0000, 0x0000, 0x0000, 0x0000, 0x0000, 0x1FF8, 0x1FF8, 0x1FF8,
  0x1FF8, 0x1FF8, 0x1FF8, 0x1FF8, 0x1FF8, 0x1FF8, 0x1FF8, 0x1FF8, 0x1FF8, 0x1FF8, 0x1FF8, 0x1FF8,
  0x1FF8, 0x1FF8, 0x1FF8, 0x1FF8, 0x1FF8, 0x1FF8, 0x0000, 0x0000, 0x0000, 0x0000, 0x0000, 0x0000,
  0xF7BD, 0xF7BD, 0xF7BD, 0x34A5, 0x34A5, 0x34A5, 0x7342, 0x7342, 0x7342, 0x7022, 0x7022, 0x7022,
  0xF7BD, 0xF7BD, 0xF7BD, 0x8208, 0x8208, 0x8208, 0x1FF8, 0x1FF8, 0x1FF8, 0x1FF8, 0x1FF8, 0x1FF8,
  0x1FF8, 0x1FF8, 0x1FF8, 0x1FF8, 0x1FF8, 0x1FF8, 0x1FF8, 0x1FF8, 0x1FF8, 0x1FF8, 0x1FF8, 0x1FF8,
  0x1FF8, 0x1FF8, 0x1FF8, 0x1FF8, 0x1FF8, 0x1FF8, 0x1FF8, 0x1FF8, 0x1FF8, 0x1FF8, 0x1FF8, 0x1FF8,
  0x1FF8, 0x1FF8, 0x1FF8, 0x1FF8, 0x1FF8, 0x1FF8, 0x1FF8, 0x1FF8, 0x1FF8, 0x1FF8, 0x1FF8, 0x1FF8,
  0x1FF8, 0x1FF8, 0x1FF8, 0x1FF8, 0x1FF8, 0x1FF8, 0x1FF8, 0x1FF8, 0x1FF8, 0x0000, 0x0000, 0x0000,
  0x4000, 0x4000, 0x4000, 0x0000, 0x0000, 0x0000, 0x0000, 0x0000, 0x0000, 0x1FF8, 0x1FF8, 0x1FF8,
  0x1FF8, 0x1FF8, 0x1FF8, 0x1FF8, 0x1FF8, 0x1FF8, 0x1FF8, 0x1FF8, 0x1FF8, 0x1FF8, 0x1FF8, 0x1FF8,
  0x1FF8, 0x1FF8, 0x1FF8, 0x1FF8, 0x1FF8, 0x1FF8, 0x0000, 0x0000, 0x0000, 0x0000, 0x0000, 0x0000,
  0xF7BD, 0xF7BD, 0xF7BD, 0x34A5, 0x34A5, 0x34A5, 0x7342, 0x7342, 0x7342, 0x7022, 0x7022, 0x7022,
  0xF7BD, 0xF7BD, 0xF7BD, 0x8208, 0x8208, 0x8208, 0x1FF8, 0x1FF8, 0x1FF8, 0x1FF8, 0x1FF8, 0x1FF8,
  0x1FF8, 0x1FF8, 0x1FF8, 0x1FF8, 0x1FF8, 0x1FF8, 0x1FF8, 0x1FF8, 0x1FF8, 0x1FF8, 0x1FF8, 0x1FF8,
  0x1FF8, 0x1FF8, 0x1FF8, 0x1FF8, 0x1FF8, 0x1FF8, 0x1FF8, 0x1FF8, 0x1FF8, 0x1FF8, 0x1FF8, 0x1FF8,
  0x1FF8, 0x1FF8, 0x1FF8, 0x1FF8, 0x1FF8, 0x1FF8, 0x1FF8, 0x1FF8, 0x1FF8, 0x1FF8, 0x1FF8, 0x1FF8,
  0x1FF8, 0x1FF8, 0x1FF8, 0x1FF8, 0x1FF8, 0x1FF8, 0x1FF8, 0x1FF8, 0x1FF8, 0x1FF8, 0x1FF8, 0x1FF8,
  0x1FF8, 0x1FF8, 0x1FF8, 0x1FF8, 0x1FF8, 0x1FF8, 0x1FF8, 0x1FF8, 0x1FF8, 0x1FF8, 0x1FF8, 0x1FF8,
  0x1FF8, 0x1FF8, 0x1FF8, 0x1FF8, 0x1FF8, 0x1FF8, 0x1FF8, 0x1FF8, 0x1FF8, 0x1FF8, 0x1FF8, 0x1FF8,
  0x1FF8, 0x1FF8, 0x1FF8, 0x1FF8, 0x1FF8, 0x1FF8, 0x1FF8, 0x1FF8, 0x1FF8, 0x0000, 0x0000, 0x0000,
  0xF7BD, 0xF7BD, 0xF7BD, 0x7DEF, 0x7DEF, 0x7DEF, 0x99D6, 0x99D6, 0x99D6, 0x5243, 0x5243, 0x5243,
  0x7342, 0x7342, 0x7342, 0xF7BD, 0xF7BD, 0xF7BD, 0x0000, 0x0000, 0x0000, 0x1FF8, 0x1FF8, 0x1FF8,
  0x1FF8, 0x1FF8, 0x1FF8, 0x1FF8, 0x1FF8, 0x1FF8, 0x1FF8, 0x1FF8, 0x1FF8, 0x1FF8, 0x1FF8, 0x1FF8,
  0x1FF8, 0x1FF8, 0x1FF8, 0x1FF8, 0x1FF8, 0x1FF8, 0x1FF8, 0x1FF8, 0x1FF8, 0x1FF8, 0x1FF8, 0x1FF8,
  0x1FF8, 0x1FF8, 0x1FF8, 0x1FF8, 0x1FF8, 0x1FF8, 0x1FF8, 0x1FF8, 0x1FF8, 0x1FF8, 0x1FF8, 0x1FF8,
  0x1FF8, 0x1FF8, 0x1FF8, 0x1FF8, 0x1FF8, 0x1FF8, 0x1FF8, 0x1FF8, 0x1FF8, 0x1FF8, 0x1FF8, 0x1FF8,
  0x1FF8, 0x1FF8, 0x1FF8, 0x1FF8, 0x1FF8, 0x1FF8, 0x1FF8, 0x1FF8, 0x1FF8, 0x1FF8, 0x1FF8, 0x1FF8,
  0x1FF8, 0x1FF8, 0x1FF8, 0x1FF8, 0x1FF8, 0x1FF8, 0x1FF8, 0x1FF8, 0x1FF8, 0x1FF8, 0x1FF8, 0x1FF8,
  0x1FF8, 0x1FF8, 0x1FF8, 0x1FF8, 0x1FF8, 0x1FF8, 0x1FF8, 0x1FF8, 0x1FF8, 0x0000, 0x0000, 0x0000,
  0xF7BD, 0xF7BD, 0xF7BD, 0x7DEF, 0x7DEF, 0x7DEF, 0x99D6, 0x99D6, 0x99D6, 0x5243, 0x5243, 0x5243,
  0x7342, 0x7342, 0x7342, 0xF7BD, 0xF7BD, 0xF7BD, 0x0000, 0x0000, 0x0000, 0x1FF8, 0x1FF8, 0x1FF8,
  0x1FF8, 0x1FF8, 0x1FF8, 0x1FF8, 0x1FF8, 0x1FF8, 0x1FF8, 0x1FF8, 0x1FF8, 0x1FF8, 0x1FF8, 0x1FF8,
  0x1FF8, 0x1FF8, 0x1FF8, 0x1FF8, 0x1FF8, 0x1FF8, 0x1FF8, 0x1FF8, 0x1FF8, 0x1FF8, 0x1FF8, 0x1FF8,
  0x1FF8, 0x1FF8, 0x1FF8, 0x1FF8, 0x1FF8, 0x1FF8, 0x1FF8, 0x1FF8, 0x1FF8, 0x1FF8, 0x1FF8, 0x1FF8,
  0x1FF8, 0x1FF8, 0x1FF8, 0x1FF8, 0x1FF8, 0x1FF8, 0x1FF8, 0x1FF8, 0x1FF8, 0x1FF8, 0x1FF8, 0x1FF8,
  0x1FF8, 0x1FF8, 0x1FF8, 0x1FF8, 0x1FF8, 0x1FF8, 0x1FF8, 0x1FF8, 0x1FF8, 0x1FF8, 0x1FF8, 0x1FF8,
  0x1FF8, 0x1FF8, 0x1FF8, 0x1FF8, 0x1FF8, 0x1FF8, 0x1FF8, 0x1FF8, 0x1FF8, 0x1FF8, 0x1FF8, 0x1FF8,
  0x1FF8, 0x1FF8, 0x1FF8, 0x1FF8, 0x1FF8, 0x1FF8, 0x1FF8, 0x1FF8, 0x1FF8, 0x0000, 0x0000, 0x0000,
  0xF7BD, 0xF7BD, 0xF7BD, 0x7DEF, 0x7DEF, 0x7DEF, 0x99D6, 0x99D6, 0x99D6, 0x5243, 0x5243, 0x5243,
  0x7342, 0x7342, 0x7342, 0xF7BD, 0xF7BD, 0xF7BD, 0x0000, 0x0000, 0x0000, 0x1FF8, 0x1FF8, 0x1FF8,
  0x1FF8, 0x1FF8, 0x1FF8, 0x1FF8, 0x1FF8, 0x1FF8, 0x1FF8, 0x1FF8, 0x1FF8, 0x1FF8, 0x1FF8, 0x1FF8,
  0x1FF8, 0x1FF8, 0x1FF8, 0x1FF8, 0x1FF8, 0x1FF8, 0x1FF8, 0x1FF8, 0x1FF8, 0x1FF8, 0x1FF8, 0x1FF8,
  0x1FF8, 0x1FF8, 0x1FF8, 0x1FF8, 0x1FF8, 0x1FF8, 0x1FF8, 0x1FF8, 0x1FF8, 0x1FF8, 0x1FF8, 0x1FF8,
  0x1FF8, 0x1FF8, 0x1FF8, 0x1FF8, 0x1FF8, 0x1FF8, 0x1FF8, 0x1FF8, 0x1FF8, 0x1FF8, 0x1FF8, 0x1FF8,
  0x1FF8, 0x1FF8, 0x1FF8, 0x1FF8, 0x1FF8, 0x1FF8, 0x1FF8, 0x1FF8, 0x1FF8, 0x1FF8, 0x1FF8, 0x1FF8,
  0x1FF8, 0x1FF8, 0x1FF8, 0x1FF8, 0x1FF8, 0x1FF8, 0x1FF8, 0x1FF8, 0x1FF8, 0x1FF8, 0x1FF8, 0x1FF8,
  0x1FF8, 0x1FF8, 0x1FF8, 0x1FF8, 0x1FF8, 0x1FF8, 0x1FF8, 0x1FF8, 0x1FF8, 0x0000, 0x0000, 0x0000,
  0xCF7B, 0xCF7B, 0xCF7B, 0xBAD6, 0xBAD6, 0xBAD6, 0x7342, 0x7342, 0x7342, 0x7342, 0x7342, 0x7342,
  0x1443, 0x1443, 0x1443, 0x7342, 0x7342, 0x7342, 0x7022, 0x7022, 0x7022, 0x0000, 0x0000, 0x0000,
  0x1FF8, 0x1FF8, 0x1FF8, 0x1FF8, 0x1FF8, 0x1FF8, 0x1FF8, 0x1FF8, 0x1FF8, 0x1FF8, 0x1FF8, 0x1FF8,
  0x1FF8, 0x1FF8, 0x1FF8, 0x1FF8, 0x1FF8, 0x1FF8, 0x1FF8, 0x1FF8, 0x1FF8, 0x1FF8, 0x1FF8, 0x1FF8,
  0x1FF8, 0x1FF8, 0x1FF8, 0x1FF8, 0x1FF8, 0x1FF8, 0x1FF8, 0x1FF8, 0x1FF8, 0x1FF8, 0x1FF8, 0x1FF8,
  0x1FF8, 0x1FF8, 0x1FF8, 0x1FF8, 0x1FF8, 0x1FF8, 0x1FF8, 0x1FF8, 0x1FF8, 0x1FF8, 0x1FF8, 0x1FF8,
  0x1FF8, 0x1FF8, 0x1FF8, 0x1FF8, 0x1FF8, 0x1FF8, 0x1FF8, 0x1FF8, 0x1FF8, 0x1FF8, 0x1FF8, 0x1FF8,
  0x1FF8, 0x1FF8, 0x1FF8, 0x1FF8, 0x1FF8, 0x1FF8, 0x1FF8, 0x1FF8, 0x1FF8, 0x1FF8, 0x1FF8, 0x1FF8,
  0x1FF8, 0x1FF8, 0x1FF8, 0x1FF8, 0x1FF8, 0x1FF8, 0x1FF8, 0x1FF8, 0x1FF8, 0x0000, 0x0000, 0x0000,
  0xCF7B, 0xCF7B, 0xCF7B, 0xBAD6, 0xBAD6, 0xBAD6, 0x7342, 0x7342, 0x7342, 0x7342, 0x7342, 0x7342,
  0x1443, 0x1443, 0x1443, 0x7342, 0x7342, 0x7342, 0x7022, 0x7022, 0x7022, 0x0000, 0x0000, 0x0000,
  0x1FF8, 0x1FF8, 0x1FF8, 0x1FF8, 0x1FF8, 0x1FF8, 0x1FF8, 0x1FF8, 0x1FF8, 0x1FF8, 0x1FF8, 0x1FF8,
  0x1FF8, 0x1FF8, 0x1FF8, 0x1FF8, 0x1FF8, 0x1FF8, 0x1FF8, 0x1FF8, 0x1FF8, 0x1FF8, 0x1FF8, 0x1FF8,
  0x1FF8, 0x1FF8, 0x1FF8, 0x1FF8, 0x1FF8, 0x1FF8, 0x1FF8, 0x1FF8, 0x1FF8, 0x1FF8, 0x1FF8, 0x1FF8,
  0x1FF8, 0x1FF8, 0x1FF8, 0x1FF8, 0x1FF8, 0x1FF8, 0x1FF8, 0x1FF8, 0x1FF8, 0x1FF8, 0x1FF8, 0x1FF8,
  0x1FF8, 0x1FF8, 0x1FF8, 0x1FF8, 0x1FF8, 0x1FF8, 0x1FF8, 0x1FF8, 0x1FF8, 0x1FF8, 0x1FF8, 0x1FF8,
  0x1FF8, 0x1FF8, 0x1FF8, 0x1FF8, 0x1FF8, 0x1FF8, 0x1FF8, 0x1FF8, 0x1FF8, 0x1FF8, 0x1FF8, 0x1FF8,
  0x1FF8, 0x1FF8, 0x1FF8, 0x1FF8, 0x1FF8, 0x1FF8, 0x1FF8, 0x1FF8, 0x1FF8, 0x0000, 0x0000, 0x0000,
  0xCF7B, 0xCF7B, 0xCF7B, 0xBAD6, 0xBAD6, 0xBAD6, 0x7342, 0x7342, 0x7342, 0x7342, 0x7342, 0x7342,
  0x1443, 0x1443, 0x1443, 0x7342, 0x7342, 0x7342, 0x7022, 0x7022, 0x7022, 0x0000, 0x0000, 0x0000,
  0x1FF8, 0x1FF8, 0x1FF8, 0x1FF8, 0x1FF8, 0x1FF8, 0x1FF8, 0x1FF8, 0x1FF8, 0x1FF8, 0x1FF8, 0x1FF8,
  0x1FF8, 0x1FF8, 0x1FF8, 0x1FF8, 0x1FF8, 0x1FF8, 0x1FF8, 0x1FF8, 0x1FF8, 0x1FF8, 0x1FF8, 0x1FF8,
  0x1FF8, 0x1FF8, 0x1FF8, 0x1FF8, 0x1FF8, 0x1FF8, 0x1FF8, 0x1FF8, 0x1FF8, 0x1FF8, 0x1FF8, 0x1FF8,
  0x1FF8, 0x1FF8, 0x1FF8, 0x1FF8, 0x1FF8, 0x1FF8, 0x1FF8, 0x1FF8, 0x1FF8, 0x1FF8, 0x1FF8, 0x1FF8,
  0x1FF8, 0x1FF8, 0x1FF8, 0x1FF8, 0x1FF8, 0x1FF8, 0x1FF8, 0x1FF8, 0x1FF8, 0x1FF8, 0x1FF8, 0x1FF8,
  0x1FF8, 0x1FF8, 0x1FF8, 0x1FF8, 0x1FF8, 0x1FF8, 0x1FF8, 0x1FF8, 0x1FF8, 0x1FF8, 0x1FF8, 0x1FF8,
  0x1FF8, 0x1FF8, 0x1FF8, 0x1FF8, 0x1FF8, 0x1FF8, 0x1FF8, 0x1FF8, 0x1FF8, 0x0000, 0x0000, 0x0000,
  0x7342, 0x7342, 0x7342, 0x7342, 0x7342, 0x7342, 0x1443, 0x1443, 0x1443, 0x1443, 0x1443, 0x1443,
  0x1443, 0x1443, 0x1443, 0x1443, 0x1443, 0x1443, 0x1443, 0x1443, 0x1443, 0x0000, 0x0000, 0x0000,
  0x1FF8, 0x1FF8, 0x1FF8, 0x1FF8, 0x1FF8, 0x1FF8, 0x1FF8, 0x1FF8, 0x1FF8, 0x1FF8, 0x1FF8, 0x1FF8,
  0x1FF8, 0x1FF8, 0x1FF8, 0x1FF8, 0x1FF8, 0x1FF8, 0x1FF8, 0x1FF8, 0x1FF8, 0x1FF8, 0x1FF8, 0x1FF8,
  0x1FF8, 0x1FF8, 0x1FF8, 0x1FF8, 0x1FF8, 0x1FF8, 0x1FF8, 0x1FF8, 0x1FF8, 0x1FF8, 0x1FF8, 0x1FF8,
  0x1FF8, 0x1FF8, 0x1FF8, 0x1FF8, 0x1FF8, 0x1FF8, 0x1FF8, 0x1FF8, 0x1FF8, 0x1FF8, 0x1FF8, 0x1FF8,
  0x1FF8, 0x1FF8, 0x1FF8, 0x1FF8, 0x1FF8, 0x1FF8, 0x1FF8, 0x1FF8, 0x1FF8, 0x1FF8, 0x1FF8, 0x1FF8,
  0x1FF8, 0x1FF8, 0x1FF8, 0x1FF8, 0x1FF8, 0x1FF8, 0x1FF8, 0x1FF8, 0x1FF8, 0x1FF8, 0x1FF8, 0x1FF8,
  0x1FF8, 0x1FF8, 0x1FF8, 0x1FF8, 0x1FF8, 0x1FF8, 0x1FF8, 0x1FF8, 0x1FF8, 0x0000, 0x0000, 0x0000,
  0x7342, 0x7342, 0x7342, 0x7342, 0x7342, 0x7342, 0x1443, 0x1443, 0x1443, 0x1443, 0x1443, 0x1443,
  0x1443, 0x1443, 0x1443, 0x1443, 0x1443, 0x1443, 0x1443, 0x1443, 0x1443, 0x0000, 0x0000, 0x0000,
  0x1FF8, 0x1FF8, 0x1FF8, 0x1FF8, 0x1FF8, 0x1FF8, 0x1FF8, 0x1FF8, 0x1FF8, 0x1FF8, 0x1FF8, 0x1FF8,
  0x1FF8, 0x1FF8, 0x1FF8, 0x1FF8, 0x1FF8, 0x1FF8, 0x1FF8, 0x1FF8, 0x1FF8, 0x1FF8, 0x1FF8, 0x1FF8,
  0x1FF8, 0x1FF8, 0x1FF8, 0x1FF8, 0x1FF8, 0x1FF8, 0x1FF8, 0x1FF8, 0x1FF8, 0x1FF8, 0x1FF8, 0x1FF8,
  0x1FF8, 0x1FF8, 0x1FF8, 0x1FF8, 0x1FF8, 0x1FF8, 0x1FF8, 0x1FF8, 0x1FF8, 0x1FF8, 0x1FF8, 0x1FF8,
  0x1FF8, 0x1FF8, 0x1FF8, 0x1FF8, 0x1FF8, 0x1FF8, 0x1FF8, 0x1FF8, 0x1FF8, 0x1FF8, 0x1FF8, 0x1FF8,
  0x1FF8, 0x1FF8, 0x1FF8, 0x1FF8, 0x1FF8, 0x1FF8, 0x1FF8, 0x1FF8, 0x1FF8, 0x1FF8, 0x1FF8, 0x1FF8,
  0x1FF8, 0x1FF8, 0x1FF8, 0x1FF8, 0x1FF8, 0x1FF8, 0x1FF8, 0x1FF8, 0x1FF8, 0x0000, 0x0000, 0x0000,
  0x7342, 0x7342, 0x7342, 0x7342, 0x7342, 0x7342, 0x1443, 0x1443, 0x1443, 0x1443, 0x1443, 0x1443,
  0x1443, 0x1443, 0x1443, 0x1443, 0x1443, 0x1443, 0x1443, 0x1443, 0x1443, 0x0000, 0x0000, 0x0000,
  0x1FF8, 0x1FF8, 0x1FF8, 0x1FF8, 0x1FF8, 0x1FF8, 0x1FF8, 0x1FF8, 0x1FF8, 0x1FF8, 0x1FF8, 0x1FF8,
  0x1FF8, 0x1FF8, 0x1FF8, 0x1FF8, 0x1FF8, 0x1FF8, 0x1FF8, 0x1FF8, 0x1FF8, 0x1FF8, 0x1FF8, 0x1FF8,
  0x1FF8, 0x1FF8, 0x1FF8, 0x1FF8, 0x1FF8, 0x1FF8, 0x1FF8, 0x1FF8, 0x1FF8, 0x1FF8, 0x1FF8, 0x1FF8,
  0x1FF8, 0x1FF8, 0x1FF8, 0x1FF8, 0x1FF8, 0x1FF8, 0x1FF8, 0x1FF8, 0x1FF8, 0x1FF8, 0x1FF8, 0x1FF8,
  0x1FF8, 0x1FF8, 0x1FF8, 0x1FF8, 0x1FF8, 0x1FF8, 0x1FF8, 0x1FF8, 0x1FF8, 0x1FF8, 0x1FF8, 0x1FF8,
  0x1FF8, 0x1FF8, 0x1FF8, 0x1FF8, 0x1FF8, 0x1FF8, 0x1FF8, 0x1FF8, 0x1FF8, 0x1FF8, 0x1FF8, 0x1FF8,
  0x1FF8, 0x1FF8, 0x1FF8, 0x1FF8, 0x1FF8, 0x1FF8, 0x1FF8, 0x1FF8, 0x1FF8, 0x1FF8, 0x1FF8, 0x1FF8,
  0x0000, 0x0000, 0x0000, 0x0000, 0x0000, 0x0000, 0x0000, 0x0000, 0x0000, 0x0000, 0x0000, 0x0000,
  0x0000, 0x0000, 0x0000, 0x0000, 0x0000, 0x0000, 0x0000, 0x0000, 0x0000, 0x1FF8, 0x1FF8, 0x1FF8,
  0x1FF8, 0x1FF8, 0x1FF8, 0x1FF8, 0x1FF8, 0x1FF8, 0x1FF8, 0x1FF8, 0x1FF8, 0x1FF8, 0x1FF8, 0x1FF8,
  0x1FF8, 0x1FF8, 0x1FF8, 0x1FF8, 0x1FF8, 0x1FF8, 0x1FF8, 0x1FF8, 0x1FF8, 0x1FF8, 0x1FF8, 0x1FF8,
  0x1FF8, 0x1FF8, 0x1FF8, 0x1FF8, 0x1FF8, 0x1FF8, 0x1FF8, 0x1FF8, 0x1FF8, 0x1FF8, 0x1FF8, 0x1FF8,
  0x1FF8, 0x1FF8, 0x1FF8, 0x1FF8, 0x1FF8, 0x1FF8, 0x1FF8, 0x1FF8, 0x1FF8, 0x1FF8, 0x1FF8, 0x1FF8,
  0x1FF8, 0x1FF8, 0x1FF8, 0x1FF8, 0x1FF8, 0x1FF8, 0x1FF8, 0x1FF8, 0x1FF8, 0x1FF8, 0x1FF8, 0x1FF8,
  0x1FF8, 0x1FF8, 0x1FF8, 0x1FF8, 0x1FF8, 0x1FF8, 0x1FF8, 0x1FF8, 0x1FF8, 0x1FF8, 0x1FF8, 0x1FF8,
  0x1FF8, 0x1FF8, 0x1FF8, 0x1FF8, 0x1FF8, 0x1FF8, 0x1FF8, 0x1FF8, 0x1FF8, 0x1FF8, 0x1FF8, 0x1FF8,
  0x0000, 0x0000, 0x0000, 0x0000, 0x0000, 0x0000, 0x0000, 0x0000, 0x0000, 0x0000, 0x0000, 0x0000,
  0x0000, 0x0000, 0x0000, 0x0000, 0x0000, 0x0000, 0x0000, 0x0000, 0x0000, 0x1FF8, 0x1FF8, 0x1FF8,
  0x1FF8, 0x1FF8, 0x1FF8, 0x1FF8, 0x1FF8, 0x1FF8, 0x1FF8, 0x1FF8, 0x1FF8, 0x1FF8, 0x1FF8, 0x1FF8,
  0x1FF8, 0x1FF8, 0x1FF8, 0x1FF8, 0x1FF8, 0x1FF8, 0x1FF8, 0x1FF8, 0x1FF8, 0x1FF8, 0x1FF8, 0x1FF8,
  0x1FF8, 0x1FF8, 0x1FF8, 0x1FF8, 0x1FF8, 0x1FF8, 0x1FF8, 0x1FF8, 0x1FF8, 0x1FF8, 0x1FF8, 0x1FF8,
  0x1FF8, 0x1FF8, 0x1FF8, 0x1FF8, 0x1FF8, 0x1FF8, 0x1FF8, 0x1FF8, 0x1FF8, 0x1FF8, 0x1FF8, 0x1FF8,
  0x1FF8, 0x1FF8, 0x1FF8, 0x1FF8, 0x1FF8, 0x1FF8, 0x1FF8, 0x1FF8, 0x1FF8, 0x1FF8, 0x1FF8, 0x1FF8,
  0x1FF8, 0x1FF8, 0x1FF8, 0x1FF8, 0x1FF8, 0x1FF8, 0x1FF8, 0x1FF8, 0x1FF8, 0x1FF8, 0x1FF8, 0x1FF8,
  0x1FF8, 0x1FF8, 0x1FF8, 0x1FF8, 0x1FF8, 0x1FF8, 0x1FF8, 0x1FF8, 0x1FF8, 0x1FF8, 0x1FF8, 0x1FF8,
  0x0000, 0x0000, 0x0000, 0x0000, 0x0000, 0x0000, 0x0000, 0x0000, 0x0000, 0x0000, 0x0000, 0x0000,
  0x0000, 0x0000, 0x0000, 0x0000, 0x0000, 0x0000, 0x0000, 0x0000, 0x0000, 0x1FF8, 0x1FF8, 0x1FF8,
  0x1FF8, 0x1FF8, 0x1FF8, 0x1FF8, 0x1FF8, 0x1FF8, 0x1FF8, 0x1FF8, 0x1FF8, 0x1FF8, 0x1FF8, 0x1FF8
  
}; // End of array
